Absolute Path,Relative Path,Class Label
C:/Users/ivanc/PycharmProjects/Dataset\rose_0000.jpg,rose_0000.jpg,Dataset
C:/Users/ivanc/PycharmProjects/Dataset\rose_0001.jpg,rose_0001.jpg,Dataset
C:/Users/ivanc/PycharmProjects/Dataset\rose_0002.jpg,rose_0002.jpg,Dataset
C:/Users/ivanc/PycharmProjects/Dataset\rose_0003.jpg,rose_0003.jpg,Dataset
C:/Users/ivanc/PycharmProjects/Dataset\rose_0004.jpg,rose_0004.jpg,Dataset
C:/Users/ivanc/PycharmProjects/Dataset\rose_0005.jpg,rose_0005.jpg,Dataset
C:/Users/ivanc/PycharmProjects/Dataset\rose_0006.jpg,rose_0006.jpg,Dataset
C:/Users/ivanc/PycharmProjects/Dataset\rose_0007.jpg,rose_0007.jpg,Dataset
C:/Users/ivanc/PycharmProjects/Dataset\rose_0008.jpg,rose_0008.jpg,Dataset
C:/Users/ivanc/PycharmProjects/Dataset\rose_0009.jpg,rose_0009.jpg,Dataset
C:/Users/ivanc/PycharmProjects/Dataset\rose_0010.jpg,rose_0010.jpg,Dataset
C:/Users/ivanc/PycharmProjects/Dataset\rose_0011.jpg,rose_0011.jpg,Dataset
C:/Users/ivanc/PycharmProjects/Dataset\rose_0012.jpg,rose_0012.jpg,Dataset
C:/Users/ivanc/PycharmProjects/Dataset\rose_0013.jpg,rose_0013.jpg,Dataset
C:/Users/ivanc/PycharmProjects/Dataset\rose_0014.jpg,rose_0014.jpg,Dataset
C:/Users/ivanc/PycharmProjects/Dataset\rose_0015.jpg,rose_0015.jpg,Dataset
C:/Users/ivanc/PycharmProjects/Dataset\rose_0016.jpg,rose_0016.jpg,Dataset
C:/Users/ivanc/PycharmProjects/Dataset\rose_0017.jpg,rose_0017.jpg,Dataset
C:/Users/ivanc/PycharmProjects/Dataset\rose_0018.jpg,rose_0018.jpg,Dataset
C:/Users/ivanc/PycharmProjects/Dataset\rose_0019.jpg,rose_0019.jpg,Dataset
C:/Users/ivanc/PycharmProjects/Dataset\rose_0020.jpg,rose_0020.jpg,Dataset
C:/Users/ivanc/PycharmProjects/Dataset\rose_0021.jpg,rose_0021.jpg,Dataset
C:/Users/ivanc/PycharmProjects/Dataset\rose_0022.jpg,rose_0022.jpg,Dataset
C:/Users/ivanc/PycharmProjects/Dataset\rose_0023.jpg,rose_0023.jpg,Dataset
C:/Users/ivanc/PycharmProjects/Dataset\rose_0024.jpg,rose_0024.jpg,Dataset
C:/Users/ivanc/PycharmProjects/Dataset\rose_0025.jpg,rose_0025.jpg,Dataset
C:/Users/ivanc/PycharmProjects/Dataset\rose_0026.jpg,rose_0026.jpg,Dataset
C:/Users/ivanc/PycharmProjects/Dataset\rose_0027.jpg,rose_0027.jpg,Dataset
C:/Users/ivanc/PycharmProjects/Dataset\rose_0028.jpg,rose_0028.jpg,Dataset
C:/Users/ivanc/PycharmProjects/Dataset\rose_0029.jpg,rose_0029.jpg,Dataset
C:/Users/ivanc/PycharmProjects/Dataset\rose_0030.jpg,rose_0030.jpg,Dataset
C:/Users/ivanc/PycharmProjects/Dataset\rose_0031.jpg,rose_0031.jpg,Dataset
C:/Users/ivanc/PycharmProjects/Dataset\rose_0032.jpg,rose_0032.jpg,Dataset
C:/Users/ivanc/PycharmProjects/Dataset\rose_0033.jpg,rose_0033.jpg,Dataset
C:/Users/ivanc/PycharmProjects/Dataset\rose_0034.jpg,rose_0034.jpg,Dataset
C:/Users/ivanc/PycharmProjects/Dataset\rose_0035.jpg,rose_0035.jpg,Dataset
C:/Users/ivanc/PycharmProjects/Dataset\rose_0036.jpg,rose_0036.jpg,Dataset
C:/Users/ivanc/PycharmProjects/Dataset\rose_0037.jpg,rose_0037.jpg,Dataset
C:/Users/ivanc/PycharmProjects/Dataset\rose_0038.jpg,rose_0038.jpg,Dataset
C:/Users/ivanc/PycharmProjects/Dataset\rose_0039.jpg,rose_0039.jpg,Dataset
C:/Users/ivanc/PycharmProjects/Dataset\rose_0040.jpg,rose_0040.jpg,Dataset
C:/Users/ivanc/PycharmProjects/Dataset\rose_0041.jpg,rose_0041.jpg,Dataset
C:/Users/ivanc/PycharmProjects/Dataset\rose_0042.jpg,rose_0042.jpg,Dataset
C:/Users/ivanc/PycharmProjects/Dataset\rose_0043.jpg,rose_0043.jpg,Dataset
C:/Users/ivanc/PycharmProjects/Dataset\rose_0044.jpg,rose_0044.jpg,Dataset
C:/Users/ivanc/PycharmProjects/Dataset\rose_0045.jpg,rose_0045.jpg,Dataset
C:/Users/ivanc/PycharmProjects/Dataset\rose_0046.jpg,rose_0046.jpg,Dataset
C:/Users/ivanc/PycharmProjects/Dataset\rose_0047.jpg,rose_0047.jpg,Dataset
C:/Users/ivanc/PycharmProjects/Dataset\rose_0048.jpg,rose_0048.jpg,Dataset
C:/Users/ivanc/PycharmProjects/Dataset\rose_0049.jpg,rose_0049.jpg,Dataset
C:/Users/ivanc/PycharmProjects/Dataset\rose_0050.jpg,rose_0050.jpg,Dataset
C:/Users/ivanc/PycharmProjects/Dataset\rose_0051.jpg,rose_0051.jpg,Dataset
C:/Users/ivanc/PycharmProjects/Dataset\rose_0052.jpg,rose_0052.jpg,Dataset
C:/Users/ivanc/PycharmProjects/Dataset\rose_0053.jpg,rose_0053.jpg,Dataset
C:/Users/ivanc/PycharmProjects/Dataset\rose_0054.jpg,rose_0054.jpg,Dataset
C:/Users/ivanc/PycharmProjects/Dataset\rose_0055.jpg,rose_0055.jpg,Dataset
C:/Users/ivanc/PycharmProjects/Dataset\rose_0056.jpg,rose_0056.jpg,Dataset
C:/Users/ivanc/PycharmProjects/Dataset\rose_0057.jpg,rose_0057.jpg,Dataset
C:/Users/ivanc/PycharmProjects/Dataset\rose_0058.jpg,rose_0058.jpg,Dataset
C:/Users/ivanc/PycharmProjects/Dataset\rose_0059.jpg,rose_0059.jpg,Dataset
C:/Users/ivanc/PycharmProjects/Dataset\rose_0060.jpg,rose_0060.jpg,Dataset
C:/Users/ivanc/PycharmProjects/Dataset\rose_0061.jpg,rose_0061.jpg,Dataset
C:/Users/ivanc/PycharmProjects/Dataset\rose_0062.jpg,rose_0062.jpg,Dataset
C:/Users/ivanc/PycharmProjects/Dataset\rose_0063.jpg,rose_0063.jpg,Dataset
C:/Users/ivanc/PycharmProjects/Dataset\rose_0064.jpg,rose_0064.jpg,Dataset
C:/Users/ivanc/PycharmProjects/Dataset\rose_0065.jpg,rose_0065.jpg,Dataset
C:/Users/ivanc/PycharmProjects/Dataset\rose_0066.jpg,rose_0066.jpg,Dataset
C:/Users/ivanc/PycharmProjects/Dataset\rose_0067.jpg,rose_0067.jpg,Dataset
C:/Users/ivanc/PycharmProjects/Dataset\rose_0068.jpg,rose_0068.jpg,Dataset
C:/Users/ivanc/PycharmProjects/Dataset\rose_0069.jpg,rose_0069.jpg,Dataset
C:/Users/ivanc/PycharmProjects/Dataset\rose_0070.jpg,rose_0070.jpg,Dataset
C:/Users/ivanc/PycharmProjects/Dataset\rose_0071.jpg,rose_0071.jpg,Dataset
C:/Users/ivanc/PycharmProjects/Dataset\rose_0072.jpg,rose_0072.jpg,Dataset
C:/Users/ivanc/PycharmProjects/Dataset\rose_0073.jpg,rose_0073.jpg,Dataset
C:/Users/ivanc/PycharmProjects/Dataset\rose_0074.jpg,rose_0074.jpg,Dataset
C:/Users/ivanc/PycharmProjects/Dataset\rose_0075.jpg,rose_0075.jpg,Dataset
C:/Users/ivanc/PycharmProjects/Dataset\rose_0076.jpg,rose_0076.jpg,Dataset
C:/Users/ivanc/PycharmProjects/Dataset\rose_0077.jpg,rose_0077.jpg,Dataset
C:/Users/ivanc/PycharmProjects/Dataset\rose_0078.jpg,rose_0078.jpg,Dataset
C:/Users/ivanc/PycharmProjects/Dataset\rose_0079.jpg,rose_0079.jpg,Dataset
C:/Users/ivanc/PycharmProjects/Dataset\rose_0080.jpg,rose_0080.jpg,Dataset
C:/Users/ivanc/PycharmProjects/Dataset\rose_0081.jpg,rose_0081.jpg,Dataset
C:/Users/ivanc/PycharmProjects/Dataset\rose_0082.jpg,rose_0082.jpg,Dataset
C:/Users/ivanc/PycharmProjects/Dataset\rose_0083.jpg,rose_0083.jpg,Dataset
C:/Users/ivanc/PycharmProjects/Dataset\rose_0084.jpg,rose_0084.jpg,Dataset
C:/Users/ivanc/PycharmProjects/Dataset\rose_0085.jpg,rose_0085.jpg,Dataset
C:/Users/ivanc/PycharmProjects/Dataset\rose_0086.jpg,rose_0086.jpg,Dataset
C:/Users/ivanc/PycharmProjects/Dataset\rose_0087.jpg,rose_0087.jpg,Dataset
C:/Users/ivanc/PycharmProjects/Dataset\rose_0088.jpg,rose_0088.jpg,Dataset
C:/Users/ivanc/PycharmProjects/Dataset\rose_0089.jpg,rose_0089.jpg,Dataset
C:/Users/ivanc/PycharmProjects/Dataset\rose_0090.jpg,rose_0090.jpg,Dataset
C:/Users/ivanc/PycharmProjects/Dataset\rose_0091.jpg,rose_0091.jpg,Dataset
C:/Users/ivanc/PycharmProjects/Dataset\rose_0092.jpg,rose_0092.jpg,Dataset
C:/Users/ivanc/PycharmProjects/Dataset\rose_0093.jpg,rose_0093.jpg,Dataset
C:/Users/ivanc/PycharmProjects/Dataset\rose_0094.jpg,rose_0094.jpg,Dataset
C:/Users/ivanc/PycharmProjects/Dataset\rose_0095.jpg,rose_0095.jpg,Dataset
C:/Users/ivanc/PycharmProjects/Dataset\rose_0096.jpg,rose_0096.jpg,Dataset
C:/Users/ivanc/PycharmProjects/Dataset\rose_0097.jpg,rose_0097.jpg,Dataset
C:/Users/ivanc/PycharmProjects/Dataset\rose_0098.jpg,rose_0098.jpg,Dataset
C:/Users/ivanc/PycharmProjects/Dataset\rose_0099.jpg,rose_0099.jpg,Dataset
C:/Users/ivanc/PycharmProjects/Dataset\rose_0100.jpg,rose_0100.jpg,Dataset
C:/Users/ivanc/PycharmProjects/Dataset\rose_0101.jpg,rose_0101.jpg,Dataset
C:/Users/ivanc/PycharmProjects/Dataset\rose_0102.jpg,rose_0102.jpg,Dataset
C:/Users/ivanc/PycharmProjects/Dataset\rose_0103.jpg,rose_0103.jpg,Dataset
C:/Users/ivanc/PycharmProjects/Dataset\rose_0104.jpg,rose_0104.jpg,Dataset
C:/Users/ivanc/PycharmProjects/Dataset\rose_0105.jpg,rose_0105.jpg,Dataset
C:/Users/ivanc/PycharmProjects/Dataset\rose_0106.jpg,rose_0106.jpg,Dataset
C:/Users/ivanc/PycharmProjects/Dataset\rose_0107.jpg,rose_0107.jpg,Dataset
C:/Users/ivanc/PycharmProjects/Dataset\rose_0108.jpg,rose_0108.jpg,Dataset
C:/Users/ivanc/PycharmProjects/Dataset\rose_0109.jpg,rose_0109.jpg,Dataset
C:/Users/ivanc/PycharmProjects/Dataset\rose_0110.jpg,rose_0110.jpg,Dataset
C:/Users/ivanc/PycharmProjects/Dataset\rose_0111.jpg,rose_0111.jpg,Dataset
C:/Users/ivanc/PycharmProjects/Dataset\rose_0112.jpg,rose_0112.jpg,Dataset
C:/Users/ivanc/PycharmProjects/Dataset\rose_0113.jpg,rose_0113.jpg,Dataset
C:/Users/ivanc/PycharmProjects/Dataset\rose_0114.jpg,rose_0114.jpg,Dataset
C:/Users/ivanc/PycharmProjects/Dataset\rose_0115.jpg,rose_0115.jpg,Dataset
C:/Users/ivanc/PycharmProjects/Dataset\rose_0116.jpg,rose_0116.jpg,Dataset
C:/Users/ivanc/PycharmProjects/Dataset\rose_0117.jpg,rose_0117.jpg,Dataset
C:/Users/ivanc/PycharmProjects/Dataset\rose_0118.jpg,rose_0118.jpg,Dataset
C:/Users/ivanc/PycharmProjects/Dataset\rose_0119.jpg,rose_0119.jpg,Dataset
C:/Users/ivanc/PycharmProjects/Dataset\rose_0120.jpg,rose_0120.jpg,Dataset
C:/Users/ivanc/PycharmProjects/Dataset\rose_0121.jpg,rose_0121.jpg,Dataset
C:/Users/ivanc/PycharmProjects/Dataset\rose_0122.jpg,rose_0122.jpg,Dataset
C:/Users/ivanc/PycharmProjects/Dataset\rose_0123.jpg,rose_0123.jpg,Dataset
C:/Users/ivanc/PycharmProjects/Dataset\rose_0124.jpg,rose_0124.jpg,Dataset
C:/Users/ivanc/PycharmProjects/Dataset\rose_0125.jpg,rose_0125.jpg,Dataset
C:/Users/ivanc/PycharmProjects/Dataset\rose_0126.jpg,rose_0126.jpg,Dataset
C:/Users/ivanc/PycharmProjects/Dataset\rose_0127.jpg,rose_0127.jpg,Dataset
C:/Users/ivanc/PycharmProjects/Dataset\rose_0128.jpg,rose_0128.jpg,Dataset
C:/Users/ivanc/PycharmProjects/Dataset\rose_0129.jpg,rose_0129.jpg,Dataset
C:/Users/ivanc/PycharmProjects/Dataset\rose_0130.jpg,rose_0130.jpg,Dataset
C:/Users/ivanc/PycharmProjects/Dataset\rose_0131.jpg,rose_0131.jpg,Dataset
C:/Users/ivanc/PycharmProjects/Dataset\rose_0132.jpg,rose_0132.jpg,Dataset
C:/Users/ivanc/PycharmProjects/Dataset\rose_0133.jpg,rose_0133.jpg,Dataset
C:/Users/ivanc/PycharmProjects/Dataset\rose_0134.jpg,rose_0134.jpg,Dataset
C:/Users/ivanc/PycharmProjects/Dataset\rose_0135.jpg,rose_0135.jpg,Dataset
C:/Users/ivanc/PycharmProjects/Dataset\rose_0136.jpg,rose_0136.jpg,Dataset
C:/Users/ivanc/PycharmProjects/Dataset\rose_0137.jpg,rose_0137.jpg,Dataset
C:/Users/ivanc/PycharmProjects/Dataset\rose_0138.jpg,rose_0138.jpg,Dataset
C:/Users/ivanc/PycharmProjects/Dataset\rose_0139.jpg,rose_0139.jpg,Dataset
C:/Users/ivanc/PycharmProjects/Dataset\rose_0140.jpg,rose_0140.jpg,Dataset
C:/Users/ivanc/PycharmProjects/Dataset\rose_0141.jpg,rose_0141.jpg,Dataset
C:/Users/ivanc/PycharmProjects/Dataset\rose_0142.jpg,rose_0142.jpg,Dataset
C:/Users/ivanc/PycharmProjects/Dataset\rose_0143.jpg,rose_0143.jpg,Dataset
C:/Users/ivanc/PycharmProjects/Dataset\rose_0144.jpg,rose_0144.jpg,Dataset
C:/Users/ivanc/PycharmProjects/Dataset\rose_0145.jpg,rose_0145.jpg,Dataset
C:/Users/ivanc/PycharmProjects/Dataset\rose_0146.jpg,rose_0146.jpg,Dataset
C:/Users/ivanc/PycharmProjects/Dataset\rose_0147.jpg,rose_0147.jpg,Dataset
C:/Users/ivanc/PycharmProjects/Dataset\rose_0148.jpg,rose_0148.jpg,Dataset
C:/Users/ivanc/PycharmProjects/Dataset\rose_0149.jpg,rose_0149.jpg,Dataset
C:/Users/ivanc/PycharmProjects/Dataset\rose_0150.jpg,rose_0150.jpg,Dataset
C:/Users/ivanc/PycharmProjects/Dataset\rose_0151.jpg,rose_0151.jpg,Dataset
C:/Users/ivanc/PycharmProjects/Dataset\rose_0152.jpg,rose_0152.jpg,Dataset
C:/Users/ivanc/PycharmProjects/Dataset\rose_0153.jpg,rose_0153.jpg,Dataset
C:/Users/ivanc/PycharmProjects/Dataset\rose_0154.jpg,rose_0154.jpg,Dataset
C:/Users/ivanc/PycharmProjects/Dataset\rose_0155.jpg,rose_0155.jpg,Dataset
C:/Users/ivanc/PycharmProjects/Dataset\rose_0156.jpg,rose_0156.jpg,Dataset
C:/Users/ivanc/PycharmProjects/Dataset\rose_0157.jpg,rose_0157.jpg,Dataset
C:/Users/ivanc/PycharmProjects/Dataset\rose_0158.jpg,rose_0158.jpg,Dataset
C:/Users/ivanc/PycharmProjects/Dataset\rose_0159.jpg,rose_0159.jpg,Dataset
C:/Users/ivanc/PycharmProjects/Dataset\rose_0160.jpg,rose_0160.jpg,Dataset
C:/Users/ivanc/PycharmProjects/Dataset\rose_0161.jpg,rose_0161.jpg,Dataset
C:/Users/ivanc/PycharmProjects/Dataset\rose_0162.jpg,rose_0162.jpg,Dataset
C:/Users/ivanc/PycharmProjects/Dataset\rose_0163.jpg,rose_0163.jpg,Dataset
C:/Users/ivanc/PycharmProjects/Dataset\rose_0164.jpg,rose_0164.jpg,Dataset
C:/Users/ivanc/PycharmProjects/Dataset\rose_0165.jpg,rose_0165.jpg,Dataset
C:/Users/ivanc/PycharmProjects/Dataset\rose_0166.jpg,rose_0166.jpg,Dataset
C:/Users/ivanc/PycharmProjects/Dataset\rose_0167.jpg,rose_0167.jpg,Dataset
C:/Users/ivanc/PycharmProjects/Dataset\rose_0168.jpg,rose_0168.jpg,Dataset
C:/Users/ivanc/PycharmProjects/Dataset\rose_0169.jpg,rose_0169.jpg,Dataset
C:/Users/ivanc/PycharmProjects/Dataset\rose_0170.jpg,rose_0170.jpg,Dataset
C:/Users/ivanc/PycharmProjects/Dataset\rose_0171.jpg,rose_0171.jpg,Dataset
C:/Users/ivanc/PycharmProjects/Dataset\rose_0172.jpg,rose_0172.jpg,Dataset
C:/Users/ivanc/PycharmProjects/Dataset\rose_0173.jpg,rose_0173.jpg,Dataset
C:/Users/ivanc/PycharmProjects/Dataset\rose_0174.jpg,rose_0174.jpg,Dataset
C:/Users/ivanc/PycharmProjects/Dataset\rose_0175.jpg,rose_0175.jpg,Dataset
C:/Users/ivanc/PycharmProjects/Dataset\rose_0176.jpg,rose_0176.jpg,Dataset
C:/Users/ivanc/PycharmProjects/Dataset\rose_0177.jpg,rose_0177.jpg,Dataset
C:/Users/ivanc/PycharmProjects/Dataset\rose_0178.jpg,rose_0178.jpg,Dataset
C:/Users/ivanc/PycharmProjects/Dataset\rose_0179.jpg,rose_0179.jpg,Dataset
C:/Users/ivanc/PycharmProjects/Dataset\rose_0180.jpg,rose_0180.jpg,Dataset
C:/Users/ivanc/PycharmProjects/Dataset\rose_0181.jpg,rose_0181.jpg,Dataset
C:/Users/ivanc/PycharmProjects/Dataset\rose_0182.jpg,rose_0182.jpg,Dataset
C:/Users/ivanc/PycharmProjects/Dataset\rose_0183.jpg,rose_0183.jpg,Dataset
C:/Users/ivanc/PycharmProjects/Dataset\rose_0184.jpg,rose_0184.jpg,Dataset
C:/Users/ivanc/PycharmProjects/Dataset\rose_0185.jpg,rose_0185.jpg,Dataset
C:/Users/ivanc/PycharmProjects/Dataset\rose_0186.jpg,rose_0186.jpg,Dataset
C:/Users/ivanc/PycharmProjects/Dataset\rose_0187.jpg,rose_0187.jpg,Dataset
C:/Users/ivanc/PycharmProjects/Dataset\rose_0188.jpg,rose_0188.jpg,Dataset
C:/Users/ivanc/PycharmProjects/Dataset\rose_0189.jpg,rose_0189.jpg,Dataset
C:/Users/ivanc/PycharmProjects/Dataset\rose_0190.jpg,rose_0190.jpg,Dataset
C:/Users/ivanc/PycharmProjects/Dataset\rose_0191.jpg,rose_0191.jpg,Dataset
C:/Users/ivanc/PycharmProjects/Dataset\rose_0192.jpg,rose_0192.jpg,Dataset
C:/Users/ivanc/PycharmProjects/Dataset\rose_0193.jpg,rose_0193.jpg,Dataset
C:/Users/ivanc/PycharmProjects/Dataset\rose_0194.jpg,rose_0194.jpg,Dataset
C:/Users/ivanc/PycharmProjects/Dataset\rose_0195.jpg,rose_0195.jpg,Dataset
C:/Users/ivanc/PycharmProjects/Dataset\rose_0196.jpg,rose_0196.jpg,Dataset
C:/Users/ivanc/PycharmProjects/Dataset\rose_0197.jpg,rose_0197.jpg,Dataset
C:/Users/ivanc/PycharmProjects/Dataset\rose_0198.jpg,rose_0198.jpg,Dataset
C:/Users/ivanc/PycharmProjects/Dataset\rose_0199.jpg,rose_0199.jpg,Dataset
C:/Users/ivanc/PycharmProjects/Dataset\rose_0200.jpg,rose_0200.jpg,Dataset
C:/Users/ivanc/PycharmProjects/Dataset\rose_0201.jpg,rose_0201.jpg,Dataset
C:/Users/ivanc/PycharmProjects/Dataset\rose_0202.jpg,rose_0202.jpg,Dataset
C:/Users/ivanc/PycharmProjects/Dataset\rose_0203.jpg,rose_0203.jpg,Dataset
C:/Users/ivanc/PycharmProjects/Dataset\rose_0204.jpg,rose_0204.jpg,Dataset
C:/Users/ivanc/PycharmProjects/Dataset\rose_0205.jpg,rose_0205.jpg,Dataset
C:/Users/ivanc/PycharmProjects/Dataset\rose_0206.jpg,rose_0206.jpg,Dataset
C:/Users/ivanc/PycharmProjects/Dataset\rose_0207.jpg,rose_0207.jpg,Dataset
C:/Users/ivanc/PycharmProjects/Dataset\rose_0208.jpg,rose_0208.jpg,Dataset
C:/Users/ivanc/PycharmProjects/Dataset\rose_0209.jpg,rose_0209.jpg,Dataset
C:/Users/ivanc/PycharmProjects/Dataset\rose_0210.jpg,rose_0210.jpg,Dataset
C:/Users/ivanc/PycharmProjects/Dataset\rose_0211.jpg,rose_0211.jpg,Dataset
C:/Users/ivanc/PycharmProjects/Dataset\rose_0212.jpg,rose_0212.jpg,Dataset
C:/Users/ivanc/PycharmProjects/Dataset\rose_0213.jpg,rose_0213.jpg,Dataset
C:/Users/ivanc/PycharmProjects/Dataset\rose_0214.jpg,rose_0214.jpg,Dataset
C:/Users/ivanc/PycharmProjects/Dataset\rose_0215.jpg,rose_0215.jpg,Dataset
C:/Users/ivanc/PycharmProjects/Dataset\rose_0216.jpg,rose_0216.jpg,Dataset
C:/Users/ivanc/PycharmProjects/Dataset\rose_0217.jpg,rose_0217.jpg,Dataset
C:/Users/ivanc/PycharmProjects/Dataset\rose_0218.jpg,rose_0218.jpg,Dataset
C:/Users/ivanc/PycharmProjects/Dataset\rose_0219.jpg,rose_0219.jpg,Dataset
C:/Users/ivanc/PycharmProjects/Dataset\rose_0220.jpg,rose_0220.jpg,Dataset
C:/Users/ivanc/PycharmProjects/Dataset\rose_0221.jpg,rose_0221.jpg,Dataset
C:/Users/ivanc/PycharmProjects/Dataset\rose_0222.jpg,rose_0222.jpg,Dataset
C:/Users/ivanc/PycharmProjects/Dataset\rose_0223.jpg,rose_0223.jpg,Dataset
C:/Users/ivanc/PycharmProjects/Dataset\rose_0224.jpg,rose_0224.jpg,Dataset
C:/Users/ivanc/PycharmProjects/Dataset\rose_0225.jpg,rose_0225.jpg,Dataset
C:/Users/ivanc/PycharmProjects/Dataset\rose_0226.jpg,rose_0226.jpg,Dataset
C:/Users/ivanc/PycharmProjects/Dataset\rose_0227.jpg,rose_0227.jpg,Dataset
C:/Users/ivanc/PycharmProjects/Dataset\rose_0228.jpg,rose_0228.jpg,Dataset
C:/Users/ivanc/PycharmProjects/Dataset\rose_0229.jpg,rose_0229.jpg,Dataset
C:/Users/ivanc/PycharmProjects/Dataset\rose_0230.jpg,rose_0230.jpg,Dataset
C:/Users/ivanc/PycharmProjects/Dataset\rose_0231.jpg,rose_0231.jpg,Dataset
C:/Users/ivanc/PycharmProjects/Dataset\rose_0232.jpg,rose_0232.jpg,Dataset
C:/Users/ivanc/PycharmProjects/Dataset\rose_0233.jpg,rose_0233.jpg,Dataset
C:/Users/ivanc/PycharmProjects/Dataset\rose_0234.jpg,rose_0234.jpg,Dataset
C:/Users/ivanc/PycharmProjects/Dataset\rose_0235.jpg,rose_0235.jpg,Dataset
C:/Users/ivanc/PycharmProjects/Dataset\rose_0236.jpg,rose_0236.jpg,Dataset
C:/Users/ivanc/PycharmProjects/Dataset\rose_0237.jpg,rose_0237.jpg,Dataset
C:/Users/ivanc/PycharmProjects/Dataset\rose_0238.jpg,rose_0238.jpg,Dataset
C:/Users/ivanc/PycharmProjects/Dataset\rose_0239.jpg,rose_0239.jpg,Dataset
C:/Users/ivanc/PycharmProjects/Dataset\rose_0240.jpg,rose_0240.jpg,Dataset
C:/Users/ivanc/PycharmProjects/Dataset\rose_0241.jpg,rose_0241.jpg,Dataset
C:/Users/ivanc/PycharmProjects/Dataset\rose_0242.jpg,rose_0242.jpg,Dataset
C:/Users/ivanc/PycharmProjects/Dataset\rose_0243.jpg,rose_0243.jpg,Dataset
C:/Users/ivanc/PycharmProjects/Dataset\rose_0244.jpg,rose_0244.jpg,Dataset
C:/Users/ivanc/PycharmProjects/Dataset\rose_0245.jpg,rose_0245.jpg,Dataset
C:/Users/ivanc/PycharmProjects/Dataset\rose_0246.jpg,rose_0246.jpg,Dataset
C:/Users/ivanc/PycharmProjects/Dataset\rose_0247.jpg,rose_0247.jpg,Dataset
C:/Users/ivanc/PycharmProjects/Dataset\rose_0248.jpg,rose_0248.jpg,Dataset
C:/Users/ivanc/PycharmProjects/Dataset\rose_0249.jpg,rose_0249.jpg,Dataset
C:/Users/ivanc/PycharmProjects/Dataset\rose_0250.jpg,rose_0250.jpg,Dataset
C:/Users/ivanc/PycharmProjects/Dataset\rose_0251.jpg,rose_0251.jpg,Dataset
C:/Users/ivanc/PycharmProjects/Dataset\rose_0252.jpg,rose_0252.jpg,Dataset
C:/Users/ivanc/PycharmProjects/Dataset\rose_0253.jpg,rose_0253.jpg,Dataset
C:/Users/ivanc/PycharmProjects/Dataset\rose_0254.jpg,rose_0254.jpg,Dataset
C:/Users/ivanc/PycharmProjects/Dataset\rose_0255.jpg,rose_0255.jpg,Dataset
C:/Users/ivanc/PycharmProjects/Dataset\rose_0256.jpg,rose_0256.jpg,Dataset
C:/Users/ivanc/PycharmProjects/Dataset\rose_0257.jpg,rose_0257.jpg,Dataset
C:/Users/ivanc/PycharmProjects/Dataset\rose_0258.jpg,rose_0258.jpg,Dataset
C:/Users/ivanc/PycharmProjects/Dataset\rose_0259.jpg,rose_0259.jpg,Dataset
C:/Users/ivanc/PycharmProjects/Dataset\rose_0260.jpg,rose_0260.jpg,Dataset
C:/Users/ivanc/PycharmProjects/Dataset\rose_0261.jpg,rose_0261.jpg,Dataset
C:/Users/ivanc/PycharmProjects/Dataset\rose_0262.jpg,rose_0262.jpg,Dataset
C:/Users/ivanc/PycharmProjects/Dataset\rose_0263.jpg,rose_0263.jpg,Dataset
C:/Users/ivanc/PycharmProjects/Dataset\rose_0264.jpg,rose_0264.jpg,Dataset
C:/Users/ivanc/PycharmProjects/Dataset\rose_0265.jpg,rose_0265.jpg,Dataset
C:/Users/ivanc/PycharmProjects/Dataset\rose_0266.jpg,rose_0266.jpg,Dataset
C:/Users/ivanc/PycharmProjects/Dataset\rose_0267.jpg,rose_0267.jpg,Dataset
C:/Users/ivanc/PycharmProjects/Dataset\rose_0268.jpg,rose_0268.jpg,Dataset
C:/Users/ivanc/PycharmProjects/Dataset\rose_0269.jpg,rose_0269.jpg,Dataset
C:/Users/ivanc/PycharmProjects/Dataset\rose_0270.jpg,rose_0270.jpg,Dataset
C:/Users/ivanc/PycharmProjects/Dataset\rose_0271.jpg,rose_0271.jpg,Dataset
C:/Users/ivanc/PycharmProjects/Dataset\rose_0272.jpg,rose_0272.jpg,Dataset
C:/Users/ivanc/PycharmProjects/Dataset\rose_0273.jpg,rose_0273.jpg,Dataset
C:/Users/ivanc/PycharmProjects/Dataset\rose_0274.jpg,rose_0274.jpg,Dataset
C:/Users/ivanc/PycharmProjects/Dataset\rose_0275.jpg,rose_0275.jpg,Dataset
C:/Users/ivanc/PycharmProjects/Dataset\rose_0276.jpg,rose_0276.jpg,Dataset
C:/Users/ivanc/PycharmProjects/Dataset\rose_0277.jpg,rose_0277.jpg,Dataset
C:/Users/ivanc/PycharmProjects/Dataset\rose_0278.jpg,rose_0278.jpg,Dataset
C:/Users/ivanc/PycharmProjects/Dataset\rose_0279.jpg,rose_0279.jpg,Dataset
C:/Users/ivanc/PycharmProjects/Dataset\rose_0280.jpg,rose_0280.jpg,Dataset
C:/Users/ivanc/PycharmProjects/Dataset\rose_0281.jpg,rose_0281.jpg,Dataset
C:/Users/ivanc/PycharmProjects/Dataset\rose_0282.jpg,rose_0282.jpg,Dataset
C:/Users/ivanc/PycharmProjects/Dataset\rose_0283.jpg,rose_0283.jpg,Dataset
C:/Users/ivanc/PycharmProjects/Dataset\rose_0284.jpg,rose_0284.jpg,Dataset
C:/Users/ivanc/PycharmProjects/Dataset\rose_0285.jpg,rose_0285.jpg,Dataset
C:/Users/ivanc/PycharmProjects/Dataset\rose_0286.jpg,rose_0286.jpg,Dataset
C:/Users/ivanc/PycharmProjects/Dataset\rose_0287.jpg,rose_0287.jpg,Dataset
C:/Users/ivanc/PycharmProjects/Dataset\rose_0288.jpg,rose_0288.jpg,Dataset
C:/Users/ivanc/PycharmProjects/Dataset\rose_0289.jpg,rose_0289.jpg,Dataset
C:/Users/ivanc/PycharmProjects/Dataset\rose_0290.jpg,rose_0290.jpg,Dataset
C:/Users/ivanc/PycharmProjects/Dataset\rose_0291.jpg,rose_0291.jpg,Dataset
C:/Users/ivanc/PycharmProjects/Dataset\rose_0292.jpg,rose_0292.jpg,Dataset
C:/Users/ivanc/PycharmProjects/Dataset\rose_0293.jpg,rose_0293.jpg,Dataset
C:/Users/ivanc/PycharmProjects/Dataset\rose_0294.jpg,rose_0294.jpg,Dataset
C:/Users/ivanc/PycharmProjects/Dataset\rose_0295.jpg,rose_0295.jpg,Dataset
C:/Users/ivanc/PycharmProjects/Dataset\rose_0296.jpg,rose_0296.jpg,Dataset
C:/Users/ivanc/PycharmProjects/Dataset\rose_0297.jpg,rose_0297.jpg,Dataset
C:/Users/ivanc/PycharmProjects/Dataset\rose_0298.jpg,rose_0298.jpg,Dataset
C:/Users/ivanc/PycharmProjects/Dataset\rose_0299.jpg,rose_0299.jpg,Dataset
C:/Users/ivanc/PycharmProjects/Dataset\rose_0300.jpg,rose_0300.jpg,Dataset
C:/Users/ivanc/PycharmProjects/Dataset\rose_0301.jpg,rose_0301.jpg,Dataset
C:/Users/ivanc/PycharmProjects/Dataset\rose_0302.jpg,rose_0302.jpg,Dataset
C:/Users/ivanc/PycharmProjects/Dataset\rose_0303.jpg,rose_0303.jpg,Dataset
C:/Users/ivanc/PycharmProjects/Dataset\rose_0304.jpg,rose_0304.jpg,Dataset
C:/Users/ivanc/PycharmProjects/Dataset\rose_0305.jpg,rose_0305.jpg,Dataset
C:/Users/ivanc/PycharmProjects/Dataset\rose_0306.jpg,rose_0306.jpg,Dataset
C:/Users/ivanc/PycharmProjects/Dataset\rose_0307.jpg,rose_0307.jpg,Dataset
C:/Users/ivanc/PycharmProjects/Dataset\rose_0308.jpg,rose_0308.jpg,Dataset
C:/Users/ivanc/PycharmProjects/Dataset\rose_0309.jpg,rose_0309.jpg,Dataset
C:/Users/ivanc/PycharmProjects/Dataset\rose_0310.jpg,rose_0310.jpg,Dataset
C:/Users/ivanc/PycharmProjects/Dataset\rose_0311.jpg,rose_0311.jpg,Dataset
C:/Users/ivanc/PycharmProjects/Dataset\rose_0312.jpg,rose_0312.jpg,Dataset
C:/Users/ivanc/PycharmProjects/Dataset\rose_0313.jpg,rose_0313.jpg,Dataset
C:/Users/ivanc/PycharmProjects/Dataset\rose_0314.jpg,rose_0314.jpg,Dataset
C:/Users/ivanc/PycharmProjects/Dataset\rose_0315.jpg,rose_0315.jpg,Dataset
C:/Users/ivanc/PycharmProjects/Dataset\rose_0316.jpg,rose_0316.jpg,Dataset
C:/Users/ivanc/PycharmProjects/Dataset\rose_0317.jpg,rose_0317.jpg,Dataset
C:/Users/ivanc/PycharmProjects/Dataset\rose_0318.jpg,rose_0318.jpg,Dataset
C:/Users/ivanc/PycharmProjects/Dataset\rose_0319.jpg,rose_0319.jpg,Dataset
C:/Users/ivanc/PycharmProjects/Dataset\rose_0320.jpg,rose_0320.jpg,Dataset
C:/Users/ivanc/PycharmProjects/Dataset\rose_0321.jpg,rose_0321.jpg,Dataset
C:/Users/ivanc/PycharmProjects/Dataset\rose_0322.jpg,rose_0322.jpg,Dataset
C:/Users/ivanc/PycharmProjects/Dataset\rose_0323.jpg,rose_0323.jpg,Dataset
C:/Users/ivanc/PycharmProjects/Dataset\rose_0324.jpg,rose_0324.jpg,Dataset
C:/Users/ivanc/PycharmProjects/Dataset\rose_0325.jpg,rose_0325.jpg,Dataset
C:/Users/ivanc/PycharmProjects/Dataset\rose_0326.jpg,rose_0326.jpg,Dataset
C:/Users/ivanc/PycharmProjects/Dataset\rose_0327.jpg,rose_0327.jpg,Dataset
C:/Users/ivanc/PycharmProjects/Dataset\rose_0328.jpg,rose_0328.jpg,Dataset
C:/Users/ivanc/PycharmProjects/Dataset\rose_0329.jpg,rose_0329.jpg,Dataset
C:/Users/ivanc/PycharmProjects/Dataset\rose_0330.jpg,rose_0330.jpg,Dataset
C:/Users/ivanc/PycharmProjects/Dataset\rose_0331.jpg,rose_0331.jpg,Dataset
C:/Users/ivanc/PycharmProjects/Dataset\rose_0332.jpg,rose_0332.jpg,Dataset
C:/Users/ivanc/PycharmProjects/Dataset\rose_0333.jpg,rose_0333.jpg,Dataset
C:/Users/ivanc/PycharmProjects/Dataset\rose_0334.jpg,rose_0334.jpg,Dataset
C:/Users/ivanc/PycharmProjects/Dataset\rose_0335.jpg,rose_0335.jpg,Dataset
C:/Users/ivanc/PycharmProjects/Dataset\rose_0336.jpg,rose_0336.jpg,Dataset
C:/Users/ivanc/PycharmProjects/Dataset\rose_0337.jpg,rose_0337.jpg,Dataset
C:/Users/ivanc/PycharmProjects/Dataset\rose_0338.jpg,rose_0338.jpg,Dataset
C:/Users/ivanc/PycharmProjects/Dataset\rose_0339.jpg,rose_0339.jpg,Dataset
C:/Users/ivanc/PycharmProjects/Dataset\rose_0340.jpg,rose_0340.jpg,Dataset
C:/Users/ivanc/PycharmProjects/Dataset\rose_0341.jpg,rose_0341.jpg,Dataset
C:/Users/ivanc/PycharmProjects/Dataset\rose_0342.jpg,rose_0342.jpg,Dataset
C:/Users/ivanc/PycharmProjects/Dataset\rose_0343.jpg,rose_0343.jpg,Dataset
C:/Users/ivanc/PycharmProjects/Dataset\rose_0344.jpg,rose_0344.jpg,Dataset
C:/Users/ivanc/PycharmProjects/Dataset\rose_0345.jpg,rose_0345.jpg,Dataset
C:/Users/ivanc/PycharmProjects/Dataset\rose_0346.jpg,rose_0346.jpg,Dataset
C:/Users/ivanc/PycharmProjects/Dataset\rose_0347.jpg,rose_0347.jpg,Dataset
C:/Users/ivanc/PycharmProjects/Dataset\rose_0348.jpg,rose_0348.jpg,Dataset
C:/Users/ivanc/PycharmProjects/Dataset\rose_0349.jpg,rose_0349.jpg,Dataset
C:/Users/ivanc/PycharmProjects/Dataset\rose_0350.jpg,rose_0350.jpg,Dataset
C:/Users/ivanc/PycharmProjects/Dataset\rose_0351.jpg,rose_0351.jpg,Dataset
C:/Users/ivanc/PycharmProjects/Dataset\rose_0352.jpg,rose_0352.jpg,Dataset
C:/Users/ivanc/PycharmProjects/Dataset\rose_0353.jpg,rose_0353.jpg,Dataset
C:/Users/ivanc/PycharmProjects/Dataset\rose_0354.jpg,rose_0354.jpg,Dataset
C:/Users/ivanc/PycharmProjects/Dataset\rose_0355.jpg,rose_0355.jpg,Dataset
C:/Users/ivanc/PycharmProjects/Dataset\rose_0356.jpg,rose_0356.jpg,Dataset
C:/Users/ivanc/PycharmProjects/Dataset\rose_0357.jpg,rose_0357.jpg,Dataset
C:/Users/ivanc/PycharmProjects/Dataset\rose_0358.jpg,rose_0358.jpg,Dataset
C:/Users/ivanc/PycharmProjects/Dataset\rose_0359.jpg,rose_0359.jpg,Dataset
C:/Users/ivanc/PycharmProjects/Dataset\rose_0360.jpg,rose_0360.jpg,Dataset
C:/Users/ivanc/PycharmProjects/Dataset\rose_0361.jpg,rose_0361.jpg,Dataset
C:/Users/ivanc/PycharmProjects/Dataset\rose_0362.jpg,rose_0362.jpg,Dataset
C:/Users/ivanc/PycharmProjects/Dataset\rose_0363.jpg,rose_0363.jpg,Dataset
C:/Users/ivanc/PycharmProjects/Dataset\rose_0364.jpg,rose_0364.jpg,Dataset
C:/Users/ivanc/PycharmProjects/Dataset\rose_0365.jpg,rose_0365.jpg,Dataset
C:/Users/ivanc/PycharmProjects/Dataset\rose_0366.jpg,rose_0366.jpg,Dataset
C:/Users/ivanc/PycharmProjects/Dataset\rose_0367.jpg,rose_0367.jpg,Dataset
C:/Users/ivanc/PycharmProjects/Dataset\rose_0368.jpg,rose_0368.jpg,Dataset
C:/Users/ivanc/PycharmProjects/Dataset\rose_0369.jpg,rose_0369.jpg,Dataset
C:/Users/ivanc/PycharmProjects/Dataset\rose_0370.jpg,rose_0370.jpg,Dataset
C:/Users/ivanc/PycharmProjects/Dataset\rose_0371.jpg,rose_0371.jpg,Dataset
C:/Users/ivanc/PycharmProjects/Dataset\rose_0372.jpg,rose_0372.jpg,Dataset
C:/Users/ivanc/PycharmProjects/Dataset\rose_0373.jpg,rose_0373.jpg,Dataset
C:/Users/ivanc/PycharmProjects/Dataset\rose_0374.jpg,rose_0374.jpg,Dataset
C:/Users/ivanc/PycharmProjects/Dataset\rose_0375.jpg,rose_0375.jpg,Dataset
C:/Users/ivanc/PycharmProjects/Dataset\rose_0376.jpg,rose_0376.jpg,Dataset
C:/Users/ivanc/PycharmProjects/Dataset\rose_0377.jpg,rose_0377.jpg,Dataset
C:/Users/ivanc/PycharmProjects/Dataset\rose_0378.jpg,rose_0378.jpg,Dataset
C:/Users/ivanc/PycharmProjects/Dataset\rose_0379.jpg,rose_0379.jpg,Dataset
C:/Users/ivanc/PycharmProjects/Dataset\rose_0380.jpg,rose_0380.jpg,Dataset
C:/Users/ivanc/PycharmProjects/Dataset\rose_0381.jpg,rose_0381.jpg,Dataset
C:/Users/ivanc/PycharmProjects/Dataset\rose_0382.jpg,rose_0382.jpg,Dataset
C:/Users/ivanc/PycharmProjects/Dataset\rose_0383.jpg,rose_0383.jpg,Dataset
C:/Users/ivanc/PycharmProjects/Dataset\rose_0384.jpg,rose_0384.jpg,Dataset
C:/Users/ivanc/PycharmProjects/Dataset\rose_0385.jpg,rose_0385.jpg,Dataset
C:/Users/ivanc/PycharmProjects/Dataset\rose_0386.jpg,rose_0386.jpg,Dataset
C:/Users/ivanc/PycharmProjects/Dataset\rose_0387.jpg,rose_0387.jpg,Dataset
C:/Users/ivanc/PycharmProjects/Dataset\rose_0388.jpg,rose_0388.jpg,Dataset
C:/Users/ivanc/PycharmProjects/Dataset\rose_0389.jpg,rose_0389.jpg,Dataset
C:/Users/ivanc/PycharmProjects/Dataset\rose_0390.jpg,rose_0390.jpg,Dataset
C:/Users/ivanc/PycharmProjects/Dataset\rose_0391.jpg,rose_0391.jpg,Dataset
C:/Users/ivanc/PycharmProjects/Dataset\rose_0392.jpg,rose_0392.jpg,Dataset
C:/Users/ivanc/PycharmProjects/Dataset\rose_0393.jpg,rose_0393.jpg,Dataset
C:/Users/ivanc/PycharmProjects/Dataset\rose_0394.jpg,rose_0394.jpg,Dataset
C:/Users/ivanc/PycharmProjects/Dataset\rose_0395.jpg,rose_0395.jpg,Dataset
C:/Users/ivanc/PycharmProjects/Dataset\rose_0396.jpg,rose_0396.jpg,Dataset
C:/Users/ivanc/PycharmProjects/Dataset\rose_0397.jpg,rose_0397.jpg,Dataset
C:/Users/ivanc/PycharmProjects/Dataset\rose_0398.jpg,rose_0398.jpg,Dataset
C:/Users/ivanc/PycharmProjects/Dataset\rose_0399.jpg,rose_0399.jpg,Dataset
C:/Users/ivanc/PycharmProjects/Dataset\rose_0400.jpg,rose_0400.jpg,Dataset
C:/Users/ivanc/PycharmProjects/Dataset\rose_0401.jpg,rose_0401.jpg,Dataset
C:/Users/ivanc/PycharmProjects/Dataset\rose_0402.jpg,rose_0402.jpg,Dataset
C:/Users/ivanc/PycharmProjects/Dataset\rose_0403.jpg,rose_0403.jpg,Dataset
C:/Users/ivanc/PycharmProjects/Dataset\rose_0404.jpg,rose_0404.jpg,Dataset
C:/Users/ivanc/PycharmProjects/Dataset\rose_0405.jpg,rose_0405.jpg,Dataset
C:/Users/ivanc/PycharmProjects/Dataset\rose_0406.jpg,rose_0406.jpg,Dataset
C:/Users/ivanc/PycharmProjects/Dataset\rose_0407.jpg,rose_0407.jpg,Dataset
C:/Users/ivanc/PycharmProjects/Dataset\rose_0408.jpg,rose_0408.jpg,Dataset
C:/Users/ivanc/PycharmProjects/Dataset\rose_0409.jpg,rose_0409.jpg,Dataset
C:/Users/ivanc/PycharmProjects/Dataset\rose_0410.jpg,rose_0410.jpg,Dataset
C:/Users/ivanc/PycharmProjects/Dataset\rose_0411.jpg,rose_0411.jpg,Dataset
C:/Users/ivanc/PycharmProjects/Dataset\rose_0412.jpg,rose_0412.jpg,Dataset
C:/Users/ivanc/PycharmProjects/Dataset\rose_0413.jpg,rose_0413.jpg,Dataset
C:/Users/ivanc/PycharmProjects/Dataset\rose_0414.jpg,rose_0414.jpg,Dataset
C:/Users/ivanc/PycharmProjects/Dataset\rose_0415.jpg,rose_0415.jpg,Dataset
C:/Users/ivanc/PycharmProjects/Dataset\rose_0416.jpg,rose_0416.jpg,Dataset
C:/Users/ivanc/PycharmProjects/Dataset\rose_0417.jpg,rose_0417.jpg,Dataset
C:/Users/ivanc/PycharmProjects/Dataset\rose_0418.jpg,rose_0418.jpg,Dataset
C:/Users/ivanc/PycharmProjects/Dataset\rose_0419.jpg,rose_0419.jpg,Dataset
C:/Users/ivanc/PycharmProjects/Dataset\rose_0420.jpg,rose_0420.jpg,Dataset
C:/Users/ivanc/PycharmProjects/Dataset\rose_0421.jpg,rose_0421.jpg,Dataset
C:/Users/ivanc/PycharmProjects/Dataset\rose_0422.jpg,rose_0422.jpg,Dataset
C:/Users/ivanc/PycharmProjects/Dataset\rose_0423.jpg,rose_0423.jpg,Dataset
C:/Users/ivanc/PycharmProjects/Dataset\rose_0424.jpg,rose_0424.jpg,Dataset
C:/Users/ivanc/PycharmProjects/Dataset\rose_0425.jpg,rose_0425.jpg,Dataset
C:/Users/ivanc/PycharmProjects/Dataset\rose_0426.jpg,rose_0426.jpg,Dataset
C:/Users/ivanc/PycharmProjects/Dataset\rose_0427.jpg,rose_0427.jpg,Dataset
C:/Users/ivanc/PycharmProjects/Dataset\rose_0428.jpg,rose_0428.jpg,Dataset
C:/Users/ivanc/PycharmProjects/Dataset\rose_0429.jpg,rose_0429.jpg,Dataset
C:/Users/ivanc/PycharmProjects/Dataset\rose_0430.jpg,rose_0430.jpg,Dataset
C:/Users/ivanc/PycharmProjects/Dataset\rose_0431.jpg,rose_0431.jpg,Dataset
C:/Users/ivanc/PycharmProjects/Dataset\rose_0432.jpg,rose_0432.jpg,Dataset
C:/Users/ivanc/PycharmProjects/Dataset\rose_0433.jpg,rose_0433.jpg,Dataset
C:/Users/ivanc/PycharmProjects/Dataset\rose_0434.jpg,rose_0434.jpg,Dataset
C:/Users/ivanc/PycharmProjects/Dataset\rose_0435.jpg,rose_0435.jpg,Dataset
C:/Users/ivanc/PycharmProjects/Dataset\rose_0436.jpg,rose_0436.jpg,Dataset
C:/Users/ivanc/PycharmProjects/Dataset\rose_0437.jpg,rose_0437.jpg,Dataset
C:/Users/ivanc/PycharmProjects/Dataset\rose_0438.jpg,rose_0438.jpg,Dataset
C:/Users/ivanc/PycharmProjects/Dataset\rose_0439.jpg,rose_0439.jpg,Dataset
C:/Users/ivanc/PycharmProjects/Dataset\rose_0440.jpg,rose_0440.jpg,Dataset
C:/Users/ivanc/PycharmProjects/Dataset\rose_0441.jpg,rose_0441.jpg,Dataset
C:/Users/ivanc/PycharmProjects/Dataset\rose_0442.jpg,rose_0442.jpg,Dataset
C:/Users/ivanc/PycharmProjects/Dataset\rose_0443.jpg,rose_0443.jpg,Dataset
C:/Users/ivanc/PycharmProjects/Dataset\rose_0444.jpg,rose_0444.jpg,Dataset
C:/Users/ivanc/PycharmProjects/Dataset\rose_0445.jpg,rose_0445.jpg,Dataset
C:/Users/ivanc/PycharmProjects/Dataset\rose_0446.jpg,rose_0446.jpg,Dataset
C:/Users/ivanc/PycharmProjects/Dataset\rose_0447.jpg,rose_0447.jpg,Dataset
C:/Users/ivanc/PycharmProjects/Dataset\rose_0448.jpg,rose_0448.jpg,Dataset
C:/Users/ivanc/PycharmProjects/Dataset\rose_0449.jpg,rose_0449.jpg,Dataset
C:/Users/ivanc/PycharmProjects/Dataset\rose_0450.jpg,rose_0450.jpg,Dataset
C:/Users/ivanc/PycharmProjects/Dataset\rose_0451.jpg,rose_0451.jpg,Dataset
C:/Users/ivanc/PycharmProjects/Dataset\rose_0452.jpg,rose_0452.jpg,Dataset
C:/Users/ivanc/PycharmProjects/Dataset\rose_0453.jpg,rose_0453.jpg,Dataset
C:/Users/ivanc/PycharmProjects/Dataset\rose_0454.jpg,rose_0454.jpg,Dataset
C:/Users/ivanc/PycharmProjects/Dataset\rose_0455.jpg,rose_0455.jpg,Dataset
C:/Users/ivanc/PycharmProjects/Dataset\rose_0456.jpg,rose_0456.jpg,Dataset
C:/Users/ivanc/PycharmProjects/Dataset\rose_0457.jpg,rose_0457.jpg,Dataset
C:/Users/ivanc/PycharmProjects/Dataset\rose_0458.jpg,rose_0458.jpg,Dataset
C:/Users/ivanc/PycharmProjects/Dataset\rose_0459.jpg,rose_0459.jpg,Dataset
C:/Users/ivanc/PycharmProjects/Dataset\rose_0460.jpg,rose_0460.jpg,Dataset
C:/Users/ivanc/PycharmProjects/Dataset\rose_0461.jpg,rose_0461.jpg,Dataset
C:/Users/ivanc/PycharmProjects/Dataset\rose_0462.jpg,rose_0462.jpg,Dataset
C:/Users/ivanc/PycharmProjects/Dataset\rose_0463.jpg,rose_0463.jpg,Dataset
C:/Users/ivanc/PycharmProjects/Dataset\rose_0464.jpg,rose_0464.jpg,Dataset
C:/Users/ivanc/PycharmProjects/Dataset\rose_0465.jpg,rose_0465.jpg,Dataset
C:/Users/ivanc/PycharmProjects/Dataset\rose_0466.jpg,rose_0466.jpg,Dataset
C:/Users/ivanc/PycharmProjects/Dataset\rose_0467.jpg,rose_0467.jpg,Dataset
C:/Users/ivanc/PycharmProjects/Dataset\rose_0468.jpg,rose_0468.jpg,Dataset
C:/Users/ivanc/PycharmProjects/Dataset\rose_0469.jpg,rose_0469.jpg,Dataset
C:/Users/ivanc/PycharmProjects/Dataset\rose_0470.jpg,rose_0470.jpg,Dataset
C:/Users/ivanc/PycharmProjects/Dataset\rose_0471.jpg,rose_0471.jpg,Dataset
C:/Users/ivanc/PycharmProjects/Dataset\rose_0472.jpg,rose_0472.jpg,Dataset
C:/Users/ivanc/PycharmProjects/Dataset\rose_0473.jpg,rose_0473.jpg,Dataset
C:/Users/ivanc/PycharmProjects/Dataset\rose_0474.jpg,rose_0474.jpg,Dataset
C:/Users/ivanc/PycharmProjects/Dataset\rose_0475.jpg,rose_0475.jpg,Dataset
C:/Users/ivanc/PycharmProjects/Dataset\rose_0476.jpg,rose_0476.jpg,Dataset
C:/Users/ivanc/PycharmProjects/Dataset\rose_0477.jpg,rose_0477.jpg,Dataset
C:/Users/ivanc/PycharmProjects/Dataset\rose_0478.jpg,rose_0478.jpg,Dataset
C:/Users/ivanc/PycharmProjects/Dataset\rose_0479.jpg,rose_0479.jpg,Dataset
C:/Users/ivanc/PycharmProjects/Dataset\rose_0480.jpg,rose_0480.jpg,Dataset
C:/Users/ivanc/PycharmProjects/Dataset\rose_0481.jpg,rose_0481.jpg,Dataset
C:/Users/ivanc/PycharmProjects/Dataset\rose_0482.jpg,rose_0482.jpg,Dataset
C:/Users/ivanc/PycharmProjects/Dataset\rose_0483.jpg,rose_0483.jpg,Dataset
C:/Users/ivanc/PycharmProjects/Dataset\rose_0484.jpg,rose_0484.jpg,Dataset
C:/Users/ivanc/PycharmProjects/Dataset\rose_0485.jpg,rose_0485.jpg,Dataset
C:/Users/ivanc/PycharmProjects/Dataset\rose_0486.jpg,rose_0486.jpg,Dataset
C:/Users/ivanc/PycharmProjects/Dataset\rose_0487.jpg,rose_0487.jpg,Dataset
C:/Users/ivanc/PycharmProjects/Dataset\rose_0488.jpg,rose_0488.jpg,Dataset
C:/Users/ivanc/PycharmProjects/Dataset\rose_0489.jpg,rose_0489.jpg,Dataset
C:/Users/ivanc/PycharmProjects/Dataset\rose_0490.jpg,rose_0490.jpg,Dataset
C:/Users/ivanc/PycharmProjects/Dataset\rose_0491.jpg,rose_0491.jpg,Dataset
C:/Users/ivanc/PycharmProjects/Dataset\rose_0492.jpg,rose_0492.jpg,Dataset
C:/Users/ivanc/PycharmProjects/Dataset\rose_0493.jpg,rose_0493.jpg,Dataset
C:/Users/ivanc/PycharmProjects/Dataset\rose_0494.jpg,rose_0494.jpg,Dataset
C:/Users/ivanc/PycharmProjects/Dataset\rose_0495.jpg,rose_0495.jpg,Dataset
C:/Users/ivanc/PycharmProjects/Dataset\rose_0496.jpg,rose_0496.jpg,Dataset
C:/Users/ivanc/PycharmProjects/Dataset\rose_0497.jpg,rose_0497.jpg,Dataset
C:/Users/ivanc/PycharmProjects/Dataset\rose_0498.jpg,rose_0498.jpg,Dataset
C:/Users/ivanc/PycharmProjects/Dataset\rose_0499.jpg,rose_0499.jpg,Dataset
C:/Users/ivanc/PycharmProjects/Dataset\rose_0500.jpg,rose_0500.jpg,Dataset
C:/Users/ivanc/PycharmProjects/Dataset\rose_0501.jpg,rose_0501.jpg,Dataset
C:/Users/ivanc/PycharmProjects/Dataset\rose_0502.jpg,rose_0502.jpg,Dataset
C:/Users/ivanc/PycharmProjects/Dataset\rose_0503.jpg,rose_0503.jpg,Dataset
C:/Users/ivanc/PycharmProjects/Dataset\rose_0504.jpg,rose_0504.jpg,Dataset
C:/Users/ivanc/PycharmProjects/Dataset\rose_0505.jpg,rose_0505.jpg,Dataset
C:/Users/ivanc/PycharmProjects/Dataset\rose_0506.jpg,rose_0506.jpg,Dataset
C:/Users/ivanc/PycharmProjects/Dataset\rose_0507.jpg,rose_0507.jpg,Dataset
C:/Users/ivanc/PycharmProjects/Dataset\rose_0508.jpg,rose_0508.jpg,Dataset
C:/Users/ivanc/PycharmProjects/Dataset\rose_0509.jpg,rose_0509.jpg,Dataset
C:/Users/ivanc/PycharmProjects/Dataset\rose_0510.jpg,rose_0510.jpg,Dataset
C:/Users/ivanc/PycharmProjects/Dataset\rose_0511.jpg,rose_0511.jpg,Dataset
C:/Users/ivanc/PycharmProjects/Dataset\rose_0512.jpg,rose_0512.jpg,Dataset
C:/Users/ivanc/PycharmProjects/Dataset\rose_0513.jpg,rose_0513.jpg,Dataset
C:/Users/ivanc/PycharmProjects/Dataset\rose_0514.jpg,rose_0514.jpg,Dataset
C:/Users/ivanc/PycharmProjects/Dataset\rose_0515.jpg,rose_0515.jpg,Dataset
C:/Users/ivanc/PycharmProjects/Dataset\rose_0516.jpg,rose_0516.jpg,Dataset
C:/Users/ivanc/PycharmProjects/Dataset\rose_0517.jpg,rose_0517.jpg,Dataset
C:/Users/ivanc/PycharmProjects/Dataset\rose_0518.jpg,rose_0518.jpg,Dataset
C:/Users/ivanc/PycharmProjects/Dataset\rose_0519.jpg,rose_0519.jpg,Dataset
C:/Users/ivanc/PycharmProjects/Dataset\rose_0520.jpg,rose_0520.jpg,Dataset
C:/Users/ivanc/PycharmProjects/Dataset\rose_0521.jpg,rose_0521.jpg,Dataset
C:/Users/ivanc/PycharmProjects/Dataset\rose_0522.jpg,rose_0522.jpg,Dataset
C:/Users/ivanc/PycharmProjects/Dataset\rose_0523.jpg,rose_0523.jpg,Dataset
C:/Users/ivanc/PycharmProjects/Dataset\rose_0524.jpg,rose_0524.jpg,Dataset
C:/Users/ivanc/PycharmProjects/Dataset\rose_0525.jpg,rose_0525.jpg,Dataset
C:/Users/ivanc/PycharmProjects/Dataset\rose_0526.jpg,rose_0526.jpg,Dataset
C:/Users/ivanc/PycharmProjects/Dataset\rose_0527.jpg,rose_0527.jpg,Dataset
C:/Users/ivanc/PycharmProjects/Dataset\rose_0528.jpg,rose_0528.jpg,Dataset
C:/Users/ivanc/PycharmProjects/Dataset\rose_0529.jpg,rose_0529.jpg,Dataset
C:/Users/ivanc/PycharmProjects/Dataset\rose_0530.jpg,rose_0530.jpg,Dataset
C:/Users/ivanc/PycharmProjects/Dataset\rose_0531.jpg,rose_0531.jpg,Dataset
C:/Users/ivanc/PycharmProjects/Dataset\rose_0532.jpg,rose_0532.jpg,Dataset
C:/Users/ivanc/PycharmProjects/Dataset\rose_0533.jpg,rose_0533.jpg,Dataset
C:/Users/ivanc/PycharmProjects/Dataset\rose_0534.jpg,rose_0534.jpg,Dataset
C:/Users/ivanc/PycharmProjects/Dataset\rose_0535.jpg,rose_0535.jpg,Dataset
C:/Users/ivanc/PycharmProjects/Dataset\rose_0536.jpg,rose_0536.jpg,Dataset
C:/Users/ivanc/PycharmProjects/Dataset\rose_0537.jpg,rose_0537.jpg,Dataset
C:/Users/ivanc/PycharmProjects/Dataset\rose_0538.jpg,rose_0538.jpg,Dataset
C:/Users/ivanc/PycharmProjects/Dataset\rose_0539.jpg,rose_0539.jpg,Dataset
C:/Users/ivanc/PycharmProjects/Dataset\rose_0540.jpg,rose_0540.jpg,Dataset
C:/Users/ivanc/PycharmProjects/Dataset\rose_0541.jpg,rose_0541.jpg,Dataset
C:/Users/ivanc/PycharmProjects/Dataset\rose_0542.jpg,rose_0542.jpg,Dataset
C:/Users/ivanc/PycharmProjects/Dataset\rose_0543.jpg,rose_0543.jpg,Dataset
C:/Users/ivanc/PycharmProjects/Dataset\rose_0544.jpg,rose_0544.jpg,Dataset
C:/Users/ivanc/PycharmProjects/Dataset\rose_0545.jpg,rose_0545.jpg,Dataset
C:/Users/ivanc/PycharmProjects/Dataset\rose_0546.jpg,rose_0546.jpg,Dataset
C:/Users/ivanc/PycharmProjects/Dataset\rose_0547.jpg,rose_0547.jpg,Dataset
C:/Users/ivanc/PycharmProjects/Dataset\rose_0548.jpg,rose_0548.jpg,Dataset
C:/Users/ivanc/PycharmProjects/Dataset\rose_0549.jpg,rose_0549.jpg,Dataset
C:/Users/ivanc/PycharmProjects/Dataset\rose_0550.jpg,rose_0550.jpg,Dataset
C:/Users/ivanc/PycharmProjects/Dataset\rose_0551.jpg,rose_0551.jpg,Dataset
C:/Users/ivanc/PycharmProjects/Dataset\rose_0552.jpg,rose_0552.jpg,Dataset
C:/Users/ivanc/PycharmProjects/Dataset\rose_0553.jpg,rose_0553.jpg,Dataset
C:/Users/ivanc/PycharmProjects/Dataset\rose_0554.jpg,rose_0554.jpg,Dataset
C:/Users/ivanc/PycharmProjects/Dataset\rose_0555.jpg,rose_0555.jpg,Dataset
C:/Users/ivanc/PycharmProjects/Dataset\rose_0556.jpg,rose_0556.jpg,Dataset
C:/Users/ivanc/PycharmProjects/Dataset\rose_0557.jpg,rose_0557.jpg,Dataset
C:/Users/ivanc/PycharmProjects/Dataset\rose_0558.jpg,rose_0558.jpg,Dataset
C:/Users/ivanc/PycharmProjects/Dataset\rose_0559.jpg,rose_0559.jpg,Dataset
C:/Users/ivanc/PycharmProjects/Dataset\rose_0560.jpg,rose_0560.jpg,Dataset
C:/Users/ivanc/PycharmProjects/Dataset\rose_0561.jpg,rose_0561.jpg,Dataset
C:/Users/ivanc/PycharmProjects/Dataset\rose_0562.jpg,rose_0562.jpg,Dataset
C:/Users/ivanc/PycharmProjects/Dataset\rose_0563.jpg,rose_0563.jpg,Dataset
C:/Users/ivanc/PycharmProjects/Dataset\rose_0564.jpg,rose_0564.jpg,Dataset
C:/Users/ivanc/PycharmProjects/Dataset\rose_0565.jpg,rose_0565.jpg,Dataset
C:/Users/ivanc/PycharmProjects/Dataset\rose_0566.jpg,rose_0566.jpg,Dataset
C:/Users/ivanc/PycharmProjects/Dataset\rose_0567.jpg,rose_0567.jpg,Dataset
C:/Users/ivanc/PycharmProjects/Dataset\rose_0568.jpg,rose_0568.jpg,Dataset
C:/Users/ivanc/PycharmProjects/Dataset\rose_0569.jpg,rose_0569.jpg,Dataset
C:/Users/ivanc/PycharmProjects/Dataset\rose_0570.jpg,rose_0570.jpg,Dataset
C:/Users/ivanc/PycharmProjects/Dataset\rose_0571.jpg,rose_0571.jpg,Dataset
C:/Users/ivanc/PycharmProjects/Dataset\rose_0572.jpg,rose_0572.jpg,Dataset
C:/Users/ivanc/PycharmProjects/Dataset\rose_0573.jpg,rose_0573.jpg,Dataset
C:/Users/ivanc/PycharmProjects/Dataset\rose_0574.jpg,rose_0574.jpg,Dataset
C:/Users/ivanc/PycharmProjects/Dataset\rose_0575.jpg,rose_0575.jpg,Dataset
C:/Users/ivanc/PycharmProjects/Dataset\rose_0576.jpg,rose_0576.jpg,Dataset
C:/Users/ivanc/PycharmProjects/Dataset\rose_0577.jpg,rose_0577.jpg,Dataset
C:/Users/ivanc/PycharmProjects/Dataset\rose_0578.jpg,rose_0578.jpg,Dataset
C:/Users/ivanc/PycharmProjects/Dataset\rose_0579.jpg,rose_0579.jpg,Dataset
C:/Users/ivanc/PycharmProjects/Dataset\rose_0580.jpg,rose_0580.jpg,Dataset
C:/Users/ivanc/PycharmProjects/Dataset\rose_0581.jpg,rose_0581.jpg,Dataset
C:/Users/ivanc/PycharmProjects/Dataset\rose_0582.jpg,rose_0582.jpg,Dataset
C:/Users/ivanc/PycharmProjects/Dataset\rose_0583.jpg,rose_0583.jpg,Dataset
C:/Users/ivanc/PycharmProjects/Dataset\rose_0584.jpg,rose_0584.jpg,Dataset
C:/Users/ivanc/PycharmProjects/Dataset\rose_0585.jpg,rose_0585.jpg,Dataset
C:/Users/ivanc/PycharmProjects/Dataset\rose_0586.jpg,rose_0586.jpg,Dataset
C:/Users/ivanc/PycharmProjects/Dataset\rose_0587.jpg,rose_0587.jpg,Dataset
C:/Users/ivanc/PycharmProjects/Dataset\rose_0588.jpg,rose_0588.jpg,Dataset
C:/Users/ivanc/PycharmProjects/Dataset\rose_0589.jpg,rose_0589.jpg,Dataset
C:/Users/ivanc/PycharmProjects/Dataset\rose_0590.jpg,rose_0590.jpg,Dataset
C:/Users/ivanc/PycharmProjects/Dataset\rose_0591.jpg,rose_0591.jpg,Dataset
C:/Users/ivanc/PycharmProjects/Dataset\rose_0592.jpg,rose_0592.jpg,Dataset
C:/Users/ivanc/PycharmProjects/Dataset\rose_0593.jpg,rose_0593.jpg,Dataset
C:/Users/ivanc/PycharmProjects/Dataset\rose_0594.jpg,rose_0594.jpg,Dataset
C:/Users/ivanc/PycharmProjects/Dataset\rose_0595.jpg,rose_0595.jpg,Dataset
C:/Users/ivanc/PycharmProjects/Dataset\rose_0596.jpg,rose_0596.jpg,Dataset
C:/Users/ivanc/PycharmProjects/Dataset\rose_0597.jpg,rose_0597.jpg,Dataset
C:/Users/ivanc/PycharmProjects/Dataset\rose_0598.jpg,rose_0598.jpg,Dataset
C:/Users/ivanc/PycharmProjects/Dataset\rose_0599.jpg,rose_0599.jpg,Dataset
C:/Users/ivanc/PycharmProjects/Dataset\rose_0600.jpg,rose_0600.jpg,Dataset
C:/Users/ivanc/PycharmProjects/Dataset\rose_0601.jpg,rose_0601.jpg,Dataset
C:/Users/ivanc/PycharmProjects/Dataset\rose_0602.jpg,rose_0602.jpg,Dataset
C:/Users/ivanc/PycharmProjects/Dataset\rose_0603.jpg,rose_0603.jpg,Dataset
C:/Users/ivanc/PycharmProjects/Dataset\rose_0604.jpg,rose_0604.jpg,Dataset
C:/Users/ivanc/PycharmProjects/Dataset\rose_0605.jpg,rose_0605.jpg,Dataset
C:/Users/ivanc/PycharmProjects/Dataset\rose_0606.jpg,rose_0606.jpg,Dataset
C:/Users/ivanc/PycharmProjects/Dataset\rose_0607.jpg,rose_0607.jpg,Dataset
C:/Users/ivanc/PycharmProjects/Dataset\rose_0608.jpg,rose_0608.jpg,Dataset
C:/Users/ivanc/PycharmProjects/Dataset\rose_0609.jpg,rose_0609.jpg,Dataset
C:/Users/ivanc/PycharmProjects/Dataset\rose_0610.jpg,rose_0610.jpg,Dataset
C:/Users/ivanc/PycharmProjects/Dataset\rose_0611.jpg,rose_0611.jpg,Dataset
C:/Users/ivanc/PycharmProjects/Dataset\rose_0612.jpg,rose_0612.jpg,Dataset
C:/Users/ivanc/PycharmProjects/Dataset\rose_0613.jpg,rose_0613.jpg,Dataset
C:/Users/ivanc/PycharmProjects/Dataset\rose_0614.jpg,rose_0614.jpg,Dataset
C:/Users/ivanc/PycharmProjects/Dataset\rose_0615.jpg,rose_0615.jpg,Dataset
C:/Users/ivanc/PycharmProjects/Dataset\rose_0616.jpg,rose_0616.jpg,Dataset
C:/Users/ivanc/PycharmProjects/Dataset\rose_0617.jpg,rose_0617.jpg,Dataset
C:/Users/ivanc/PycharmProjects/Dataset\rose_0618.jpg,rose_0618.jpg,Dataset
C:/Users/ivanc/PycharmProjects/Dataset\rose_0619.jpg,rose_0619.jpg,Dataset
C:/Users/ivanc/PycharmProjects/Dataset\rose_0620.jpg,rose_0620.jpg,Dataset
C:/Users/ivanc/PycharmProjects/Dataset\rose_0621.jpg,rose_0621.jpg,Dataset
C:/Users/ivanc/PycharmProjects/Dataset\rose_0622.jpg,rose_0622.jpg,Dataset
C:/Users/ivanc/PycharmProjects/Dataset\rose_0623.jpg,rose_0623.jpg,Dataset
C:/Users/ivanc/PycharmProjects/Dataset\rose_0624.jpg,rose_0624.jpg,Dataset
C:/Users/ivanc/PycharmProjects/Dataset\rose_0625.jpg,rose_0625.jpg,Dataset
C:/Users/ivanc/PycharmProjects/Dataset\rose_0626.jpg,rose_0626.jpg,Dataset
C:/Users/ivanc/PycharmProjects/Dataset\rose_0627.jpg,rose_0627.jpg,Dataset
C:/Users/ivanc/PycharmProjects/Dataset\rose_0628.jpg,rose_0628.jpg,Dataset
C:/Users/ivanc/PycharmProjects/Dataset\rose_0629.jpg,rose_0629.jpg,Dataset
C:/Users/ivanc/PycharmProjects/Dataset\rose_0630.jpg,rose_0630.jpg,Dataset
C:/Users/ivanc/PycharmProjects/Dataset\rose_0631.jpg,rose_0631.jpg,Dataset
C:/Users/ivanc/PycharmProjects/Dataset\rose_0632.jpg,rose_0632.jpg,Dataset
C:/Users/ivanc/PycharmProjects/Dataset\rose_0633.jpg,rose_0633.jpg,Dataset
C:/Users/ivanc/PycharmProjects/Dataset\rose_0634.jpg,rose_0634.jpg,Dataset
C:/Users/ivanc/PycharmProjects/Dataset\rose_0635.jpg,rose_0635.jpg,Dataset
C:/Users/ivanc/PycharmProjects/Dataset\rose_0636.jpg,rose_0636.jpg,Dataset
C:/Users/ivanc/PycharmProjects/Dataset\rose_0637.jpg,rose_0637.jpg,Dataset
C:/Users/ivanc/PycharmProjects/Dataset\rose_0638.jpg,rose_0638.jpg,Dataset
C:/Users/ivanc/PycharmProjects/Dataset\rose_0639.jpg,rose_0639.jpg,Dataset
C:/Users/ivanc/PycharmProjects/Dataset\rose_0640.jpg,rose_0640.jpg,Dataset
C:/Users/ivanc/PycharmProjects/Dataset\rose_0641.jpg,rose_0641.jpg,Dataset
C:/Users/ivanc/PycharmProjects/Dataset\rose_0642.jpg,rose_0642.jpg,Dataset
C:/Users/ivanc/PycharmProjects/Dataset\rose_0643.jpg,rose_0643.jpg,Dataset
C:/Users/ivanc/PycharmProjects/Dataset\rose_0644.jpg,rose_0644.jpg,Dataset
C:/Users/ivanc/PycharmProjects/Dataset\rose_0645.jpg,rose_0645.jpg,Dataset
C:/Users/ivanc/PycharmProjects/Dataset\rose_0646.jpg,rose_0646.jpg,Dataset
C:/Users/ivanc/PycharmProjects/Dataset\rose_0647.jpg,rose_0647.jpg,Dataset
C:/Users/ivanc/PycharmProjects/Dataset\rose_0648.jpg,rose_0648.jpg,Dataset
C:/Users/ivanc/PycharmProjects/Dataset\rose_0649.jpg,rose_0649.jpg,Dataset
C:/Users/ivanc/PycharmProjects/Dataset\rose_0650.jpg,rose_0650.jpg,Dataset
C:/Users/ivanc/PycharmProjects/Dataset\rose_0651.jpg,rose_0651.jpg,Dataset
C:/Users/ivanc/PycharmProjects/Dataset\rose_0652.jpg,rose_0652.jpg,Dataset
C:/Users/ivanc/PycharmProjects/Dataset\rose_0653.jpg,rose_0653.jpg,Dataset
C:/Users/ivanc/PycharmProjects/Dataset\rose_0654.jpg,rose_0654.jpg,Dataset
C:/Users/ivanc/PycharmProjects/Dataset\rose_0655.jpg,rose_0655.jpg,Dataset
C:/Users/ivanc/PycharmProjects/Dataset\rose_0656.jpg,rose_0656.jpg,Dataset
C:/Users/ivanc/PycharmProjects/Dataset\rose_0657.jpg,rose_0657.jpg,Dataset
C:/Users/ivanc/PycharmProjects/Dataset\rose_0658.jpg,rose_0658.jpg,Dataset
C:/Users/ivanc/PycharmProjects/Dataset\rose_0659.jpg,rose_0659.jpg,Dataset
C:/Users/ivanc/PycharmProjects/Dataset\rose_0660.jpg,rose_0660.jpg,Dataset
C:/Users/ivanc/PycharmProjects/Dataset\rose_0661.jpg,rose_0661.jpg,Dataset
C:/Users/ivanc/PycharmProjects/Dataset\rose_0662.jpg,rose_0662.jpg,Dataset
C:/Users/ivanc/PycharmProjects/Dataset\rose_0663.jpg,rose_0663.jpg,Dataset
C:/Users/ivanc/PycharmProjects/Dataset\rose_0664.jpg,rose_0664.jpg,Dataset
C:/Users/ivanc/PycharmProjects/Dataset\rose_0665.jpg,rose_0665.jpg,Dataset
C:/Users/ivanc/PycharmProjects/Dataset\rose_0666.jpg,rose_0666.jpg,Dataset
C:/Users/ivanc/PycharmProjects/Dataset\rose_0667.jpg,rose_0667.jpg,Dataset
C:/Users/ivanc/PycharmProjects/Dataset\rose_0668.jpg,rose_0668.jpg,Dataset
C:/Users/ivanc/PycharmProjects/Dataset\rose_0669.jpg,rose_0669.jpg,Dataset
C:/Users/ivanc/PycharmProjects/Dataset\rose_0670.jpg,rose_0670.jpg,Dataset
C:/Users/ivanc/PycharmProjects/Dataset\rose_0671.jpg,rose_0671.jpg,Dataset
C:/Users/ivanc/PycharmProjects/Dataset\rose_0672.jpg,rose_0672.jpg,Dataset
C:/Users/ivanc/PycharmProjects/Dataset\rose_0673.jpg,rose_0673.jpg,Dataset
C:/Users/ivanc/PycharmProjects/Dataset\rose_0674.jpg,rose_0674.jpg,Dataset
C:/Users/ivanc/PycharmProjects/Dataset\rose_0675.jpg,rose_0675.jpg,Dataset
C:/Users/ivanc/PycharmProjects/Dataset\rose_0676.jpg,rose_0676.jpg,Dataset
C:/Users/ivanc/PycharmProjects/Dataset\rose_0677.jpg,rose_0677.jpg,Dataset
C:/Users/ivanc/PycharmProjects/Dataset\rose_0678.jpg,rose_0678.jpg,Dataset
C:/Users/ivanc/PycharmProjects/Dataset\rose_0679.jpg,rose_0679.jpg,Dataset
C:/Users/ivanc/PycharmProjects/Dataset\rose_0680.jpg,rose_0680.jpg,Dataset
C:/Users/ivanc/PycharmProjects/Dataset\rose_0681.jpg,rose_0681.jpg,Dataset
C:/Users/ivanc/PycharmProjects/Dataset\rose_0682.jpg,rose_0682.jpg,Dataset
C:/Users/ivanc/PycharmProjects/Dataset\rose_0683.jpg,rose_0683.jpg,Dataset
C:/Users/ivanc/PycharmProjects/Dataset\rose_0684.jpg,rose_0684.jpg,Dataset
C:/Users/ivanc/PycharmProjects/Dataset\rose_0685.jpg,rose_0685.jpg,Dataset
C:/Users/ivanc/PycharmProjects/Dataset\rose_0686.jpg,rose_0686.jpg,Dataset
C:/Users/ivanc/PycharmProjects/Dataset\rose_0687.jpg,rose_0687.jpg,Dataset
C:/Users/ivanc/PycharmProjects/Dataset\rose_0688.jpg,rose_0688.jpg,Dataset
C:/Users/ivanc/PycharmProjects/Dataset\rose_0689.jpg,rose_0689.jpg,Dataset
C:/Users/ivanc/PycharmProjects/Dataset\rose_0690.jpg,rose_0690.jpg,Dataset
C:/Users/ivanc/PycharmProjects/Dataset\rose_0691.jpg,rose_0691.jpg,Dataset
C:/Users/ivanc/PycharmProjects/Dataset\rose_0692.jpg,rose_0692.jpg,Dataset
C:/Users/ivanc/PycharmProjects/Dataset\rose_0693.jpg,rose_0693.jpg,Dataset
C:/Users/ivanc/PycharmProjects/Dataset\rose_0694.jpg,rose_0694.jpg,Dataset
C:/Users/ivanc/PycharmProjects/Dataset\rose_0695.jpg,rose_0695.jpg,Dataset
C:/Users/ivanc/PycharmProjects/Dataset\rose_0696.jpg,rose_0696.jpg,Dataset
C:/Users/ivanc/PycharmProjects/Dataset\rose_0697.jpg,rose_0697.jpg,Dataset
C:/Users/ivanc/PycharmProjects/Dataset\rose_0698.jpg,rose_0698.jpg,Dataset
C:/Users/ivanc/PycharmProjects/Dataset\rose_0699.jpg,rose_0699.jpg,Dataset
C:/Users/ivanc/PycharmProjects/Dataset\rose_0700.jpg,rose_0700.jpg,Dataset
C:/Users/ivanc/PycharmProjects/Dataset\rose_0701.jpg,rose_0701.jpg,Dataset
C:/Users/ivanc/PycharmProjects/Dataset\rose_0702.jpg,rose_0702.jpg,Dataset
C:/Users/ivanc/PycharmProjects/Dataset\rose_0703.jpg,rose_0703.jpg,Dataset
C:/Users/ivanc/PycharmProjects/Dataset\rose_0704.jpg,rose_0704.jpg,Dataset
C:/Users/ivanc/PycharmProjects/Dataset\rose_0705.jpg,rose_0705.jpg,Dataset
C:/Users/ivanc/PycharmProjects/Dataset\rose_0706.jpg,rose_0706.jpg,Dataset
C:/Users/ivanc/PycharmProjects/Dataset\rose_0707.jpg,rose_0707.jpg,Dataset
C:/Users/ivanc/PycharmProjects/Dataset\rose_0708.jpg,rose_0708.jpg,Dataset
C:/Users/ivanc/PycharmProjects/Dataset\rose_0709.jpg,rose_0709.jpg,Dataset
C:/Users/ivanc/PycharmProjects/Dataset\rose_0710.jpg,rose_0710.jpg,Dataset
C:/Users/ivanc/PycharmProjects/Dataset\rose_0711.jpg,rose_0711.jpg,Dataset
C:/Users/ivanc/PycharmProjects/Dataset\rose_0712.jpg,rose_0712.jpg,Dataset
C:/Users/ivanc/PycharmProjects/Dataset\rose_0713.jpg,rose_0713.jpg,Dataset
C:/Users/ivanc/PycharmProjects/Dataset\rose_0714.jpg,rose_0714.jpg,Dataset
C:/Users/ivanc/PycharmProjects/Dataset\rose_0715.jpg,rose_0715.jpg,Dataset
C:/Users/ivanc/PycharmProjects/Dataset\rose_0716.jpg,rose_0716.jpg,Dataset
C:/Users/ivanc/PycharmProjects/Dataset\rose_0717.jpg,rose_0717.jpg,Dataset
C:/Users/ivanc/PycharmProjects/Dataset\rose_0718.jpg,rose_0718.jpg,Dataset
C:/Users/ivanc/PycharmProjects/Dataset\rose_0719.jpg,rose_0719.jpg,Dataset
C:/Users/ivanc/PycharmProjects/Dataset\rose_0720.jpg,rose_0720.jpg,Dataset
C:/Users/ivanc/PycharmProjects/Dataset\rose_0721.jpg,rose_0721.jpg,Dataset
C:/Users/ivanc/PycharmProjects/Dataset\rose_0722.jpg,rose_0722.jpg,Dataset
C:/Users/ivanc/PycharmProjects/Dataset\rose_0723.jpg,rose_0723.jpg,Dataset
C:/Users/ivanc/PycharmProjects/Dataset\rose_0724.jpg,rose_0724.jpg,Dataset
C:/Users/ivanc/PycharmProjects/Dataset\rose_0725.jpg,rose_0725.jpg,Dataset
C:/Users/ivanc/PycharmProjects/Dataset\rose_0726.jpg,rose_0726.jpg,Dataset
C:/Users/ivanc/PycharmProjects/Dataset\rose_0727.jpg,rose_0727.jpg,Dataset
C:/Users/ivanc/PycharmProjects/Dataset\rose_0728.jpg,rose_0728.jpg,Dataset
C:/Users/ivanc/PycharmProjects/Dataset\rose_0729.jpg,rose_0729.jpg,Dataset
C:/Users/ivanc/PycharmProjects/Dataset\rose_0730.jpg,rose_0730.jpg,Dataset
C:/Users/ivanc/PycharmProjects/Dataset\rose_0731.jpg,rose_0731.jpg,Dataset
C:/Users/ivanc/PycharmProjects/Dataset\rose_0732.jpg,rose_0732.jpg,Dataset
C:/Users/ivanc/PycharmProjects/Dataset\rose_0733.jpg,rose_0733.jpg,Dataset
C:/Users/ivanc/PycharmProjects/Dataset\rose_0734.jpg,rose_0734.jpg,Dataset
C:/Users/ivanc/PycharmProjects/Dataset\rose_0735.jpg,rose_0735.jpg,Dataset
C:/Users/ivanc/PycharmProjects/Dataset\rose_0736.jpg,rose_0736.jpg,Dataset
C:/Users/ivanc/PycharmProjects/Dataset\rose_0737.jpg,rose_0737.jpg,Dataset
C:/Users/ivanc/PycharmProjects/Dataset\rose_0738.jpg,rose_0738.jpg,Dataset
C:/Users/ivanc/PycharmProjects/Dataset\rose_0739.jpg,rose_0739.jpg,Dataset
C:/Users/ivanc/PycharmProjects/Dataset\rose_0740.jpg,rose_0740.jpg,Dataset
C:/Users/ivanc/PycharmProjects/Dataset\rose_0741.jpg,rose_0741.jpg,Dataset
C:/Users/ivanc/PycharmProjects/Dataset\rose_0742.jpg,rose_0742.jpg,Dataset
C:/Users/ivanc/PycharmProjects/Dataset\rose_0743.jpg,rose_0743.jpg,Dataset
C:/Users/ivanc/PycharmProjects/Dataset\rose_0744.jpg,rose_0744.jpg,Dataset
C:/Users/ivanc/PycharmProjects/Dataset\rose_0745.jpg,rose_0745.jpg,Dataset
C:/Users/ivanc/PycharmProjects/Dataset\rose_0746.jpg,rose_0746.jpg,Dataset
C:/Users/ivanc/PycharmProjects/Dataset\rose_0747.jpg,rose_0747.jpg,Dataset
C:/Users/ivanc/PycharmProjects/Dataset\rose_0748.jpg,rose_0748.jpg,Dataset
C:/Users/ivanc/PycharmProjects/Dataset\rose_0749.jpg,rose_0749.jpg,Dataset
C:/Users/ivanc/PycharmProjects/Dataset\rose_0750.jpg,rose_0750.jpg,Dataset
C:/Users/ivanc/PycharmProjects/Dataset\rose_0751.jpg,rose_0751.jpg,Dataset
C:/Users/ivanc/PycharmProjects/Dataset\rose_0752.jpg,rose_0752.jpg,Dataset
C:/Users/ivanc/PycharmProjects/Dataset\rose_0753.jpg,rose_0753.jpg,Dataset
C:/Users/ivanc/PycharmProjects/Dataset\rose_0754.jpg,rose_0754.jpg,Dataset
C:/Users/ivanc/PycharmProjects/Dataset\rose_0755.jpg,rose_0755.jpg,Dataset
C:/Users/ivanc/PycharmProjects/Dataset\rose_0756.jpg,rose_0756.jpg,Dataset
C:/Users/ivanc/PycharmProjects/Dataset\rose_0757.jpg,rose_0757.jpg,Dataset
C:/Users/ivanc/PycharmProjects/Dataset\rose_0758.jpg,rose_0758.jpg,Dataset
C:/Users/ivanc/PycharmProjects/Dataset\rose_0759.jpg,rose_0759.jpg,Dataset
C:/Users/ivanc/PycharmProjects/Dataset\rose_0760.jpg,rose_0760.jpg,Dataset
C:/Users/ivanc/PycharmProjects/Dataset\rose_0761.jpg,rose_0761.jpg,Dataset
C:/Users/ivanc/PycharmProjects/Dataset\rose_0762.jpg,rose_0762.jpg,Dataset
C:/Users/ivanc/PycharmProjects/Dataset\rose_0763.jpg,rose_0763.jpg,Dataset
C:/Users/ivanc/PycharmProjects/Dataset\rose_0764.jpg,rose_0764.jpg,Dataset
C:/Users/ivanc/PycharmProjects/Dataset\rose_0765.jpg,rose_0765.jpg,Dataset
C:/Users/ivanc/PycharmProjects/Dataset\rose_0766.jpg,rose_0766.jpg,Dataset
C:/Users/ivanc/PycharmProjects/Dataset\rose_0767.jpg,rose_0767.jpg,Dataset
C:/Users/ivanc/PycharmProjects/Dataset\rose_0768.jpg,rose_0768.jpg,Dataset
C:/Users/ivanc/PycharmProjects/Dataset\rose_0769.jpg,rose_0769.jpg,Dataset
C:/Users/ivanc/PycharmProjects/Dataset\rose_0770.jpg,rose_0770.jpg,Dataset
C:/Users/ivanc/PycharmProjects/Dataset\rose_0771.jpg,rose_0771.jpg,Dataset
C:/Users/ivanc/PycharmProjects/Dataset\rose_0772.jpg,rose_0772.jpg,Dataset
C:/Users/ivanc/PycharmProjects/Dataset\rose_0773.jpg,rose_0773.jpg,Dataset
C:/Users/ivanc/PycharmProjects/Dataset\rose_0774.jpg,rose_0774.jpg,Dataset
C:/Users/ivanc/PycharmProjects/Dataset\rose_0775.jpg,rose_0775.jpg,Dataset
C:/Users/ivanc/PycharmProjects/Dataset\rose_0776.jpg,rose_0776.jpg,Dataset
C:/Users/ivanc/PycharmProjects/Dataset\rose_0777.jpg,rose_0777.jpg,Dataset
C:/Users/ivanc/PycharmProjects/Dataset\rose_0778.jpg,rose_0778.jpg,Dataset
C:/Users/ivanc/PycharmProjects/Dataset\rose_0779.jpg,rose_0779.jpg,Dataset
C:/Users/ivanc/PycharmProjects/Dataset\rose_0780.jpg,rose_0780.jpg,Dataset
C:/Users/ivanc/PycharmProjects/Dataset\rose_0781.jpg,rose_0781.jpg,Dataset
C:/Users/ivanc/PycharmProjects/Dataset\rose_0782.jpg,rose_0782.jpg,Dataset
C:/Users/ivanc/PycharmProjects/Dataset\rose_0783.jpg,rose_0783.jpg,Dataset
C:/Users/ivanc/PycharmProjects/Dataset\rose_0784.jpg,rose_0784.jpg,Dataset
C:/Users/ivanc/PycharmProjects/Dataset\rose_0785.jpg,rose_0785.jpg,Dataset
C:/Users/ivanc/PycharmProjects/Dataset\rose_0786.jpg,rose_0786.jpg,Dataset
C:/Users/ivanc/PycharmProjects/Dataset\rose_0787.jpg,rose_0787.jpg,Dataset
C:/Users/ivanc/PycharmProjects/Dataset\rose_0788.jpg,rose_0788.jpg,Dataset
C:/Users/ivanc/PycharmProjects/Dataset\rose_0789.jpg,rose_0789.jpg,Dataset
C:/Users/ivanc/PycharmProjects/Dataset\rose_0790.jpg,rose_0790.jpg,Dataset
C:/Users/ivanc/PycharmProjects/Dataset\rose_0791.jpg,rose_0791.jpg,Dataset
C:/Users/ivanc/PycharmProjects/Dataset\rose_0792.jpg,rose_0792.jpg,Dataset
C:/Users/ivanc/PycharmProjects/Dataset\rose_0793.jpg,rose_0793.jpg,Dataset
C:/Users/ivanc/PycharmProjects/Dataset\rose_0794.jpg,rose_0794.jpg,Dataset
C:/Users/ivanc/PycharmProjects/Dataset\rose_0795.jpg,rose_0795.jpg,Dataset
C:/Users/ivanc/PycharmProjects/Dataset\rose_0796.jpg,rose_0796.jpg,Dataset
C:/Users/ivanc/PycharmProjects/Dataset\rose_0797.jpg,rose_0797.jpg,Dataset
C:/Users/ivanc/PycharmProjects/Dataset\rose_0798.jpg,rose_0798.jpg,Dataset
C:/Users/ivanc/PycharmProjects/Dataset\rose_0799.jpg,rose_0799.jpg,Dataset
C:/Users/ivanc/PycharmProjects/Dataset\rose_0800.jpg,rose_0800.jpg,Dataset
C:/Users/ivanc/PycharmProjects/Dataset\rose_0801.jpg,rose_0801.jpg,Dataset
C:/Users/ivanc/PycharmProjects/Dataset\rose_0802.jpg,rose_0802.jpg,Dataset
C:/Users/ivanc/PycharmProjects/Dataset\rose_0803.jpg,rose_0803.jpg,Dataset
C:/Users/ivanc/PycharmProjects/Dataset\rose_0804.jpg,rose_0804.jpg,Dataset
C:/Users/ivanc/PycharmProjects/Dataset\rose_0805.jpg,rose_0805.jpg,Dataset
C:/Users/ivanc/PycharmProjects/Dataset\rose_0806.jpg,rose_0806.jpg,Dataset
C:/Users/ivanc/PycharmProjects/Dataset\rose_0807.jpg,rose_0807.jpg,Dataset
C:/Users/ivanc/PycharmProjects/Dataset\rose_0808.jpg,rose_0808.jpg,Dataset
C:/Users/ivanc/PycharmProjects/Dataset\rose_0809.jpg,rose_0809.jpg,Dataset
C:/Users/ivanc/PycharmProjects/Dataset\rose_0810.jpg,rose_0810.jpg,Dataset
C:/Users/ivanc/PycharmProjects/Dataset\rose_0811.jpg,rose_0811.jpg,Dataset
C:/Users/ivanc/PycharmProjects/Dataset\rose_0812.jpg,rose_0812.jpg,Dataset
C:/Users/ivanc/PycharmProjects/Dataset\rose_0813.jpg,rose_0813.jpg,Dataset
C:/Users/ivanc/PycharmProjects/Dataset\rose_0814.jpg,rose_0814.jpg,Dataset
C:/Users/ivanc/PycharmProjects/Dataset\rose_0815.jpg,rose_0815.jpg,Dataset
C:/Users/ivanc/PycharmProjects/Dataset\rose_0816.jpg,rose_0816.jpg,Dataset
C:/Users/ivanc/PycharmProjects/Dataset\rose_0817.jpg,rose_0817.jpg,Dataset
C:/Users/ivanc/PycharmProjects/Dataset\rose_0818.jpg,rose_0818.jpg,Dataset
C:/Users/ivanc/PycharmProjects/Dataset\rose_0819.jpg,rose_0819.jpg,Dataset
C:/Users/ivanc/PycharmProjects/Dataset\rose_0820.jpg,rose_0820.jpg,Dataset
C:/Users/ivanc/PycharmProjects/Dataset\rose_0821.jpg,rose_0821.jpg,Dataset
C:/Users/ivanc/PycharmProjects/Dataset\rose_0822.jpg,rose_0822.jpg,Dataset
C:/Users/ivanc/PycharmProjects/Dataset\rose_0823.jpg,rose_0823.jpg,Dataset
C:/Users/ivanc/PycharmProjects/Dataset\rose_0824.jpg,rose_0824.jpg,Dataset
C:/Users/ivanc/PycharmProjects/Dataset\rose_0825.jpg,rose_0825.jpg,Dataset
C:/Users/ivanc/PycharmProjects/Dataset\rose_0826.jpg,rose_0826.jpg,Dataset
C:/Users/ivanc/PycharmProjects/Dataset\rose_0827.jpg,rose_0827.jpg,Dataset
C:/Users/ivanc/PycharmProjects/Dataset\rose_0828.jpg,rose_0828.jpg,Dataset
C:/Users/ivanc/PycharmProjects/Dataset\rose_0829.jpg,rose_0829.jpg,Dataset
C:/Users/ivanc/PycharmProjects/Dataset\rose_0830.jpg,rose_0830.jpg,Dataset
C:/Users/ivanc/PycharmProjects/Dataset\rose_0831.jpg,rose_0831.jpg,Dataset
C:/Users/ivanc/PycharmProjects/Dataset\rose_0832.jpg,rose_0832.jpg,Dataset
C:/Users/ivanc/PycharmProjects/Dataset\rose_0833.jpg,rose_0833.jpg,Dataset
C:/Users/ivanc/PycharmProjects/Dataset\rose_0834.jpg,rose_0834.jpg,Dataset
C:/Users/ivanc/PycharmProjects/Dataset\rose_0835.jpg,rose_0835.jpg,Dataset
C:/Users/ivanc/PycharmProjects/Dataset\rose_0836.jpg,rose_0836.jpg,Dataset
C:/Users/ivanc/PycharmProjects/Dataset\rose_0837.jpg,rose_0837.jpg,Dataset
C:/Users/ivanc/PycharmProjects/Dataset\rose_0838.jpg,rose_0838.jpg,Dataset
C:/Users/ivanc/PycharmProjects/Dataset\rose_0839.jpg,rose_0839.jpg,Dataset
C:/Users/ivanc/PycharmProjects/Dataset\rose_0840.jpg,rose_0840.jpg,Dataset
C:/Users/ivanc/PycharmProjects/Dataset\rose_0841.jpg,rose_0841.jpg,Dataset
C:/Users/ivanc/PycharmProjects/Dataset\rose_0842.jpg,rose_0842.jpg,Dataset
C:/Users/ivanc/PycharmProjects/Dataset\rose_0843.jpg,rose_0843.jpg,Dataset
C:/Users/ivanc/PycharmProjects/Dataset\rose_0844.jpg,rose_0844.jpg,Dataset
C:/Users/ivanc/PycharmProjects/Dataset\rose_0845.jpg,rose_0845.jpg,Dataset
C:/Users/ivanc/PycharmProjects/Dataset\rose_0846.jpg,rose_0846.jpg,Dataset
C:/Users/ivanc/PycharmProjects/Dataset\rose_0847.jpg,rose_0847.jpg,Dataset
C:/Users/ivanc/PycharmProjects/Dataset\rose_0848.jpg,rose_0848.jpg,Dataset
C:/Users/ivanc/PycharmProjects/Dataset\rose_0849.jpg,rose_0849.jpg,Dataset
C:/Users/ivanc/PycharmProjects/Dataset\rose_0850.jpg,rose_0850.jpg,Dataset
C:/Users/ivanc/PycharmProjects/Dataset\rose_0851.jpg,rose_0851.jpg,Dataset
C:/Users/ivanc/PycharmProjects/Dataset\rose_0852.jpg,rose_0852.jpg,Dataset
C:/Users/ivanc/PycharmProjects/Dataset\rose_0853.jpg,rose_0853.jpg,Dataset
C:/Users/ivanc/PycharmProjects/Dataset\rose_0854.jpg,rose_0854.jpg,Dataset
C:/Users/ivanc/PycharmProjects/Dataset\rose_0855.jpg,rose_0855.jpg,Dataset
C:/Users/ivanc/PycharmProjects/Dataset\rose_0856.jpg,rose_0856.jpg,Dataset
C:/Users/ivanc/PycharmProjects/Dataset\rose_0857.jpg,rose_0857.jpg,Dataset
C:/Users/ivanc/PycharmProjects/Dataset\rose_0858.jpg,rose_0858.jpg,Dataset
C:/Users/ivanc/PycharmProjects/Dataset\rose_0859.jpg,rose_0859.jpg,Dataset
C:/Users/ivanc/PycharmProjects/Dataset\rose_0860.jpg,rose_0860.jpg,Dataset
C:/Users/ivanc/PycharmProjects/Dataset\rose_0861.jpg,rose_0861.jpg,Dataset
C:/Users/ivanc/PycharmProjects/Dataset\rose_0862.jpg,rose_0862.jpg,Dataset
C:/Users/ivanc/PycharmProjects/Dataset\rose_0863.jpg,rose_0863.jpg,Dataset
C:/Users/ivanc/PycharmProjects/Dataset\rose_0864.jpg,rose_0864.jpg,Dataset
C:/Users/ivanc/PycharmProjects/Dataset\rose_0865.jpg,rose_0865.jpg,Dataset
C:/Users/ivanc/PycharmProjects/Dataset\rose_0866.jpg,rose_0866.jpg,Dataset
C:/Users/ivanc/PycharmProjects/Dataset\rose_0867.jpg,rose_0867.jpg,Dataset
C:/Users/ivanc/PycharmProjects/Dataset\rose_0868.jpg,rose_0868.jpg,Dataset
C:/Users/ivanc/PycharmProjects/Dataset\rose_0869.jpg,rose_0869.jpg,Dataset
C:/Users/ivanc/PycharmProjects/Dataset\rose_0870.jpg,rose_0870.jpg,Dataset
C:/Users/ivanc/PycharmProjects/Dataset\rose_0871.jpg,rose_0871.jpg,Dataset
C:/Users/ivanc/PycharmProjects/Dataset\rose_0872.jpg,rose_0872.jpg,Dataset
C:/Users/ivanc/PycharmProjects/Dataset\rose_0873.jpg,rose_0873.jpg,Dataset
C:/Users/ivanc/PycharmProjects/Dataset\rose_0874.jpg,rose_0874.jpg,Dataset
C:/Users/ivanc/PycharmProjects/Dataset\rose_0875.jpg,rose_0875.jpg,Dataset
C:/Users/ivanc/PycharmProjects/Dataset\rose_0876.jpg,rose_0876.jpg,Dataset
C:/Users/ivanc/PycharmProjects/Dataset\rose_0877.jpg,rose_0877.jpg,Dataset
C:/Users/ivanc/PycharmProjects/Dataset\rose_0878.jpg,rose_0878.jpg,Dataset
C:/Users/ivanc/PycharmProjects/Dataset\rose_0879.jpg,rose_0879.jpg,Dataset
C:/Users/ivanc/PycharmProjects/Dataset\rose_0880.jpg,rose_0880.jpg,Dataset
C:/Users/ivanc/PycharmProjects/Dataset\rose_0881.jpg,rose_0881.jpg,Dataset
C:/Users/ivanc/PycharmProjects/Dataset\rose_0882.jpg,rose_0882.jpg,Dataset
C:/Users/ivanc/PycharmProjects/Dataset\rose_0883.jpg,rose_0883.jpg,Dataset
C:/Users/ivanc/PycharmProjects/Dataset\rose_0884.jpg,rose_0884.jpg,Dataset
C:/Users/ivanc/PycharmProjects/Dataset\rose_0885.jpg,rose_0885.jpg,Dataset
C:/Users/ivanc/PycharmProjects/Dataset\rose_0886.jpg,rose_0886.jpg,Dataset
C:/Users/ivanc/PycharmProjects/Dataset\rose_0887.jpg,rose_0887.jpg,Dataset
C:/Users/ivanc/PycharmProjects/Dataset\rose_0888.jpg,rose_0888.jpg,Dataset
C:/Users/ivanc/PycharmProjects/Dataset\rose_0889.jpg,rose_0889.jpg,Dataset
C:/Users/ivanc/PycharmProjects/Dataset\rose_0890.jpg,rose_0890.jpg,Dataset
C:/Users/ivanc/PycharmProjects/Dataset\rose_0891.jpg,rose_0891.jpg,Dataset
C:/Users/ivanc/PycharmProjects/Dataset\rose_0892.jpg,rose_0892.jpg,Dataset
C:/Users/ivanc/PycharmProjects/Dataset\rose_0893.jpg,rose_0893.jpg,Dataset
C:/Users/ivanc/PycharmProjects/Dataset\rose_0894.jpg,rose_0894.jpg,Dataset
C:/Users/ivanc/PycharmProjects/Dataset\rose_0895.jpg,rose_0895.jpg,Dataset
C:/Users/ivanc/PycharmProjects/Dataset\rose_0896.jpg,rose_0896.jpg,Dataset
C:/Users/ivanc/PycharmProjects/Dataset\rose_0897.jpg,rose_0897.jpg,Dataset
C:/Users/ivanc/PycharmProjects/Dataset\rose_0898.jpg,rose_0898.jpg,Dataset
C:/Users/ivanc/PycharmProjects/Dataset\rose_0899.jpg,rose_0899.jpg,Dataset
C:/Users/ivanc/PycharmProjects/Dataset\rose_0900.jpg,rose_0900.jpg,Dataset
C:/Users/ivanc/PycharmProjects/Dataset\rose_0901.jpg,rose_0901.jpg,Dataset
C:/Users/ivanc/PycharmProjects/Dataset\rose_0902.jpg,rose_0902.jpg,Dataset
C:/Users/ivanc/PycharmProjects/Dataset\rose_0903.jpg,rose_0903.jpg,Dataset
C:/Users/ivanc/PycharmProjects/Dataset\rose_0904.jpg,rose_0904.jpg,Dataset
C:/Users/ivanc/PycharmProjects/Dataset\rose_0905.jpg,rose_0905.jpg,Dataset
C:/Users/ivanc/PycharmProjects/Dataset\rose_0906.jpg,rose_0906.jpg,Dataset
C:/Users/ivanc/PycharmProjects/Dataset\rose_0907.jpg,rose_0907.jpg,Dataset
C:/Users/ivanc/PycharmProjects/Dataset\rose_0908.jpg,rose_0908.jpg,Dataset
C:/Users/ivanc/PycharmProjects/Dataset\rose_0909.jpg,rose_0909.jpg,Dataset
C:/Users/ivanc/PycharmProjects/Dataset\rose_0910.jpg,rose_0910.jpg,Dataset
C:/Users/ivanc/PycharmProjects/Dataset\rose_0911.jpg,rose_0911.jpg,Dataset
C:/Users/ivanc/PycharmProjects/Dataset\rose_0912.jpg,rose_0912.jpg,Dataset
C:/Users/ivanc/PycharmProjects/Dataset\rose_0913.jpg,rose_0913.jpg,Dataset
C:/Users/ivanc/PycharmProjects/Dataset\rose_0914.jpg,rose_0914.jpg,Dataset
C:/Users/ivanc/PycharmProjects/Dataset\rose_0915.jpg,rose_0915.jpg,Dataset
C:/Users/ivanc/PycharmProjects/Dataset\rose_0916.jpg,rose_0916.jpg,Dataset
C:/Users/ivanc/PycharmProjects/Dataset\rose_0917.jpg,rose_0917.jpg,Dataset
C:/Users/ivanc/PycharmProjects/Dataset\rose_0918.jpg,rose_0918.jpg,Dataset
C:/Users/ivanc/PycharmProjects/Dataset\rose_0919.jpg,rose_0919.jpg,Dataset
C:/Users/ivanc/PycharmProjects/Dataset\rose_0920.jpg,rose_0920.jpg,Dataset
C:/Users/ivanc/PycharmProjects/Dataset\rose_0921.jpg,rose_0921.jpg,Dataset
C:/Users/ivanc/PycharmProjects/Dataset\rose_0922.jpg,rose_0922.jpg,Dataset
C:/Users/ivanc/PycharmProjects/Dataset\rose_0923.jpg,rose_0923.jpg,Dataset
C:/Users/ivanc/PycharmProjects/Dataset\rose_0924.jpg,rose_0924.jpg,Dataset
C:/Users/ivanc/PycharmProjects/Dataset\rose_0925.jpg,rose_0925.jpg,Dataset
C:/Users/ivanc/PycharmProjects/Dataset\rose_0926.jpg,rose_0926.jpg,Dataset
C:/Users/ivanc/PycharmProjects/Dataset\rose_0927.jpg,rose_0927.jpg,Dataset
C:/Users/ivanc/PycharmProjects/Dataset\rose_0928.jpg,rose_0928.jpg,Dataset
C:/Users/ivanc/PycharmProjects/Dataset\rose_0929.jpg,rose_0929.jpg,Dataset
C:/Users/ivanc/PycharmProjects/Dataset\rose_0930.jpg,rose_0930.jpg,Dataset
C:/Users/ivanc/PycharmProjects/Dataset\rose_0931.jpg,rose_0931.jpg,Dataset
C:/Users/ivanc/PycharmProjects/Dataset\rose_0932.jpg,rose_0932.jpg,Dataset
C:/Users/ivanc/PycharmProjects/Dataset\rose_0933.jpg,rose_0933.jpg,Dataset
C:/Users/ivanc/PycharmProjects/Dataset\rose_0934.jpg,rose_0934.jpg,Dataset
C:/Users/ivanc/PycharmProjects/Dataset\rose_0935.jpg,rose_0935.jpg,Dataset
C:/Users/ivanc/PycharmProjects/Dataset\rose_0936.jpg,rose_0936.jpg,Dataset
C:/Users/ivanc/PycharmProjects/Dataset\rose_0937.jpg,rose_0937.jpg,Dataset
C:/Users/ivanc/PycharmProjects/Dataset\rose_0938.jpg,rose_0938.jpg,Dataset
C:/Users/ivanc/PycharmProjects/Dataset\rose_0939.jpg,rose_0939.jpg,Dataset
C:/Users/ivanc/PycharmProjects/Dataset\rose_0940.jpg,rose_0940.jpg,Dataset
C:/Users/ivanc/PycharmProjects/Dataset\rose_0941.jpg,rose_0941.jpg,Dataset
C:/Users/ivanc/PycharmProjects/Dataset\rose_0942.jpg,rose_0942.jpg,Dataset
C:/Users/ivanc/PycharmProjects/Dataset\rose_0943.jpg,rose_0943.jpg,Dataset
C:/Users/ivanc/PycharmProjects/Dataset\rose_0944.jpg,rose_0944.jpg,Dataset
C:/Users/ivanc/PycharmProjects/Dataset\rose_0945.jpg,rose_0945.jpg,Dataset
C:/Users/ivanc/PycharmProjects/Dataset\rose_0946.jpg,rose_0946.jpg,Dataset
C:/Users/ivanc/PycharmProjects/Dataset\rose_0947.jpg,rose_0947.jpg,Dataset
C:/Users/ivanc/PycharmProjects/Dataset\rose_0948.jpg,rose_0948.jpg,Dataset
C:/Users/ivanc/PycharmProjects/Dataset\rose_0949.jpg,rose_0949.jpg,Dataset
C:/Users/ivanc/PycharmProjects/Dataset\rose_0950.jpg,rose_0950.jpg,Dataset
C:/Users/ivanc/PycharmProjects/Dataset\rose_0951.jpg,rose_0951.jpg,Dataset
C:/Users/ivanc/PycharmProjects/Dataset\rose_0952.jpg,rose_0952.jpg,Dataset
C:/Users/ivanc/PycharmProjects/Dataset\rose_0953.jpg,rose_0953.jpg,Dataset
C:/Users/ivanc/PycharmProjects/Dataset\rose_0954.jpg,rose_0954.jpg,Dataset
C:/Users/ivanc/PycharmProjects/Dataset\rose_0955.jpg,rose_0955.jpg,Dataset
C:/Users/ivanc/PycharmProjects/Dataset\rose_0956.jpg,rose_0956.jpg,Dataset
C:/Users/ivanc/PycharmProjects/Dataset\rose_0957.jpg,rose_0957.jpg,Dataset
C:/Users/ivanc/PycharmProjects/Dataset\rose_0958.jpg,rose_0958.jpg,Dataset
C:/Users/ivanc/PycharmProjects/Dataset\rose_0959.jpg,rose_0959.jpg,Dataset
C:/Users/ivanc/PycharmProjects/Dataset\rose_0960.jpg,rose_0960.jpg,Dataset
C:/Users/ivanc/PycharmProjects/Dataset\rose_0961.jpg,rose_0961.jpg,Dataset
C:/Users/ivanc/PycharmProjects/Dataset\rose_0962.jpg,rose_0962.jpg,Dataset
C:/Users/ivanc/PycharmProjects/Dataset\rose_0963.jpg,rose_0963.jpg,Dataset
C:/Users/ivanc/PycharmProjects/Dataset\rose_0964.jpg,rose_0964.jpg,Dataset
C:/Users/ivanc/PycharmProjects/Dataset\rose_0965.jpg,rose_0965.jpg,Dataset
C:/Users/ivanc/PycharmProjects/Dataset\rose_0966.jpg,rose_0966.jpg,Dataset
C:/Users/ivanc/PycharmProjects/Dataset\rose_0967.jpg,rose_0967.jpg,Dataset
C:/Users/ivanc/PycharmProjects/Dataset\rose_0968.jpg,rose_0968.jpg,Dataset
C:/Users/ivanc/PycharmProjects/Dataset\rose_0969.jpg,rose_0969.jpg,Dataset
C:/Users/ivanc/PycharmProjects/Dataset\rose_0970.jpg,rose_0970.jpg,Dataset
C:/Users/ivanc/PycharmProjects/Dataset\rose_0971.jpg,rose_0971.jpg,Dataset
C:/Users/ivanc/PycharmProjects/Dataset\rose_0972.jpg,rose_0972.jpg,Dataset
C:/Users/ivanc/PycharmProjects/Dataset\rose_0973.jpg,rose_0973.jpg,Dataset
C:/Users/ivanc/PycharmProjects/Dataset\rose_0974.jpg,rose_0974.jpg,Dataset
C:/Users/ivanc/PycharmProjects/Dataset\rose_0975.jpg,rose_0975.jpg,Dataset
C:/Users/ivanc/PycharmProjects/Dataset\rose_0976.jpg,rose_0976.jpg,Dataset
C:/Users/ivanc/PycharmProjects/Dataset\rose_0977.jpg,rose_0977.jpg,Dataset
C:/Users/ivanc/PycharmProjects/Dataset\rose_0978.jpg,rose_0978.jpg,Dataset
C:/Users/ivanc/PycharmProjects/Dataset\rose_0979.jpg,rose_0979.jpg,Dataset
C:/Users/ivanc/PycharmProjects/Dataset\rose_0980.jpg,rose_0980.jpg,Dataset
C:/Users/ivanc/PycharmProjects/Dataset\rose_0981.jpg,rose_0981.jpg,Dataset
C:/Users/ivanc/PycharmProjects/Dataset\rose_0982.jpg,rose_0982.jpg,Dataset
C:/Users/ivanc/PycharmProjects/Dataset\rose_0983.jpg,rose_0983.jpg,Dataset
C:/Users/ivanc/PycharmProjects/Dataset\rose_0984.jpg,rose_0984.jpg,Dataset
C:/Users/ivanc/PycharmProjects/Dataset\rose_0985.jpg,rose_0985.jpg,Dataset
C:/Users/ivanc/PycharmProjects/Dataset\rose_0986.jpg,rose_0986.jpg,Dataset
C:/Users/ivanc/PycharmProjects/Dataset\rose_0987.jpg,rose_0987.jpg,Dataset
C:/Users/ivanc/PycharmProjects/Dataset\rose_0988.jpg,rose_0988.jpg,Dataset
C:/Users/ivanc/PycharmProjects/Dataset\rose_0989.jpg,rose_0989.jpg,Dataset
C:/Users/ivanc/PycharmProjects/Dataset\rose_0990.jpg,rose_0990.jpg,Dataset
C:/Users/ivanc/PycharmProjects/Dataset\rose_0991.jpg,rose_0991.jpg,Dataset
C:/Users/ivanc/PycharmProjects/Dataset\rose_0992.jpg,rose_0992.jpg,Dataset
C:/Users/ivanc/PycharmProjects/Dataset\rose_0993.jpg,rose_0993.jpg,Dataset
C:/Users/ivanc/PycharmProjects/Dataset\rose_0994.jpg,rose_0994.jpg,Dataset
C:/Users/ivanc/PycharmProjects/Dataset\rose_0995.jpg,rose_0995.jpg,Dataset
C:/Users/ivanc/PycharmProjects/Dataset\rose_0996.jpg,rose_0996.jpg,Dataset
C:/Users/ivanc/PycharmProjects/Dataset\rose_0997.jpg,rose_0997.jpg,Dataset
C:/Users/ivanc/PycharmProjects/Dataset\rose_0998.jpg,rose_0998.jpg,Dataset
C:/Users/ivanc/PycharmProjects/Dataset\rose_0999.jpg,rose_0999.jpg,Dataset
